plant,rule,axis,factor,kp,ki,kd,survived,rise_s,settle_s,overshoot_pct,iae,u_tv
easy L/T=0.1,Ziegler-Nichols,gain,0.50,4.90517,25.48136,0.23606,1,0.5400,1.8100,11.054,0.45931,1.8976
easy L/T=0.1,Ziegler-Nichols,gain,0.70,4.90517,25.48136,0.23606,1,0.3500,1.3900,15.278,0.35899,2.1915
easy L/T=0.1,Ziegler-Nichols,gain,1.00,4.90517,25.48136,0.23606,1,0.2300,0.7900,19.067,0.28181,2.3714
easy L/T=0.1,Ziegler-Nichols,gain,1.40,4.90517,25.48136,0.23606,1,0.1600,2.5800,22.512,0.30137,14.7673
easy L/T=0.1,Ziegler-Nichols,gain,1.70,4.90517,25.48136,0.23606,0,0.1300,20.0000,30.339,4.32059,523.9158
easy L/T=0.1,Ziegler-Nichols,gain,2.00,4.90517,25.48136,0.23606,0,0.1000,20.0000,44.615,5.32105,550.4503
easy L/T=0.1,Ziegler-Nichols,tau,0.50,4.90517,25.48136,0.23606,0,0.1100,20.0000,38.385,4.82502,543.9985
easy L/T=0.1,Ziegler-Nichols,tau,0.70,4.90517,25.48136,0.23606,1,0.1600,3.1500,19.223,0.31836,17.6907
easy L/T=0.1,Ziegler-Nichols,tau,1.00,4.90517,25.48136,0.23606,1,0.2300,0.7900,19.067,0.28181,2.3714
easy L/T=0.1,Ziegler-Nichols,tau,1.40,4.90517,25.48136,0.23606,1,0.3200,1.3700,18.582,0.35899,2.6973
easy L/T=0.1,Ziegler-Nichols,tau,1.70,4.90517,25.48136,0.23606,1,0.3900,1.5800,18.193,0.41470,3.0266
easy L/T=0.1,Ziegler-Nichols,tau,2.00,4.90517,25.48136,0.23606,1,0.4500,2.1400,17.760,0.46878,3.3080
easy L/T=0.1,Ziegler-Nichols,delay,0.50,4.90517,25.48136,0.23606,1,0.2300,0.8500,13.767,0.23228,1.9132
easy L/T=0.1,Ziegler-Nichols,delay,0.70,4.90517,25.48136,0.23606,1,0.2300,0.8300,14.172,0.25161,1.9975
easy L/T=0.1,Ziegler-Nichols,delay,1.00,4.90517,25.48136,0.23606,1,0.2300,0.7900,19.067,0.28181,2.3714
easy L/T=0.1,Ziegler-Nichols,delay,1.40,4.90517,25.48136,0.23606,1,0.2300,2.5600,29.156,0.44351,10.4594
easy L/T=0.1,Ziegler-Nichols,delay,1.70,4.90517,25.48136,0.23606,0,0.2300,20.0000,36.636,4.80032,197.2301
easy L/T=0.1,Ziegler-Nichols,delay,2.00,4.90517,25.48136,0.23606,0,0.2300,20.0000,43.928,7.19271,191.3859
easy L/T=0.1,Tyreus-Luyben,gain,0.50,3.67887,4.34341,0.22482,1,0.7800,1.5500,0.000,0.48091,1.0003
easy L/T=0.1,Tyreus-Luyben,gain,0.70,3.67887,4.34341,0.22482,1,0.5400,1.2200,0.000,0.36935,1.2860
easy L/T=0.1,Tyreus-Luyben,gain,1.00,3.67887,4.34341,0.22482,1,0.4000,1.0500,0.000,0.29499,1.6888
easy L/T=0.1,Tyreus-Luyben,gain,1.40,3.67887,4.34341,0.22482,1,0.3600,1.3100,0.090,0.25275,5.9214
easy L/T=0.1,Tyreus-Luyben,gain,1.70,3.67887,4.34341,0.22482,0,0.1400,20.0000,26.567,3.40328,477.0764
easy L/T=0.1,Tyreus-Luyben,gain,2.00,3.67887,4.34341,0.22482,0,0.1000,20.0000,29.278,5.44113,578.9775
easy L/T=0.1,Tyreus-Luyben,tau,0.50,3.67887,4.34341,0.22482,0,0.1200,20.0000,20.671,4.90480,544.6378
easy L/T=0.1,Tyreus-Luyben,tau,0.70,3.67887,4.34341,0.22482,1,0.3800,1.5900,0.000,0.28543,6.3878
easy L/T=0.1,Tyreus-Luyben,tau,1.00,3.67887,4.34341,0.22482,1,0.4000,1.0500,0.000,0.29499,1.6888
easy L/T=0.1,Tyreus-Luyben,tau,1.40,3.67887,4.34341,0.22482,1,0.4600,0.8400,0.651,0.33183,1.5038
easy L/T=0.1,Tyreus-Luyben,tau,1.70,3.67887,4.34341,0.22482,1,0.5200,1.5500,2.123,0.38716,1.5164
easy L/T=0.1,Tyreus-Luyben,tau,2.00,3.67887,4.34341,0.22482,1,0.5800,2.1200,3.502,0.44369,1.5346
easy L/T=0.1,Tyreus-Luyben,delay,0.50,3.67887,4.34341,0.22482,1,0.3900,0.6900,0.506,0.23571,1.5017
easy L/T=0.1,Tyreus-Luyben,delay,0.70,3.67887,4.34341,0.22482,1,0.3900,0.7700,0.000,0.25258,1.5004
easy L/T=0.1,Tyreus-Luyben,delay,1.00,3.67887,4.34341,0.22482,1,0.4000,1.0500,0.000,0.29499,1.6888
easy L/T=0.1,Tyreus-Luyben,delay,1.40,3.67887,4.34341,0.22482,1,0.2700,1.5700,0.000,0.34921,2.7953
easy L/T=0.1,Tyreus-Luyben,delay,1.70,3.67887,4.34341,0.22482,1,0.2400,1.9300,0.000,0.38871,4.5301
easy L/T=0.1,Tyreus-Luyben,delay,2.00,3.67887,4.34341,0.22482,1,0.2300,2.8900,6.748,0.49648,8.7170
easy L/T=0.1,Pessen-Integral,gain,0.50,5.72269,37.16031,0.33049,1,0.5400,1.7100,11.832,0.46033,2.4025
easy L/T=0.1,Pessen-Integral,gain,0.70,5.72269,37.16031,0.33049,1,0.3500,1.3200,17.863,0.36268,2.6872
easy L/T=0.1,Pessen-Integral,gain,1.00,5.72269,37.16031,0.33049,1,0.2300,1.0500,24.595,0.29037,4.9196
easy L/T=0.1,Pessen-Integral,gain,1.40,5.72269,37.16031,0.33049,0,0.1600,20.0000,29.938,3.44045,530.5912
easy L/T=0.1,Pessen-Integral,gain,1.70,5.72269,37.16031,0.33049,0,0.1300,20.0000,39.109,4.47763,570.6019
easy L/T=0.1,Pessen-Integral,gain,2.00,5.72269,37.16031,0.33049,0,0.1000,20.0000,41.849,5.45453,599.2310
easy L/T=0.1,Pessen-Integral,tau,0.50,5.72269,37.16031,0.33049,0,0.1100,20.0000,39.645,5.27027,597.7006
easy L/T=0.1,Pessen-Integral,tau,0.70,5.72269,37.16031,0.33049,1,0.1600,19.9900,26.905,3.21851,496.3079
easy L/T=0.1,Pessen-Integral,tau,1.00,5.72269,37.16031,0.33049,1,0.2300,1.0500,24.595,0.29037,4.9196
easy L/T=0.1,Pessen-Integral,tau,1.40,5.72269,37.16031,0.33049,1,0.3200,1.2800,21.453,0.36233,3.3264
easy L/T=0.1,Pessen-Integral,tau,1.70,5.72269,37.16031,0.33049,1,0.3900,1.8200,19.814,0.41648,3.7736
easy L/T=0.1,Pessen-Integral,tau,2.00,5.72269,37.16031,0.33049,1,0.4500,2.0500,18.578,0.46915,4.2011
easy L/T=0.1,Pessen-Integral,delay,0.50,5.72269,37.16031,0.33049,1,0.2300,1.0600,16.542,0.23661,2.1855
easy L/T=0.1,Pessen-Integral,delay,0.70,5.72269,37.16031,0.33049,1,0.2300,1.0400,17.085,0.25740,2.5936
easy L/T=0.1,Pessen-Integral,delay,1.00,5.72269,37.16031,0.33049,1,0.2300,1.0500,24.595,0.29037,4.9196
easy L/T=0.1,Pessen-Integral,delay,1.40,5.72269,37.16031,0.33049,0,0.2300,20.0000,34.870,3.40750,250.8503
easy L/T=0.1,Pessen-Integral,delay,1.70,5.72269,37.16031,0.33049,0,0.2300,20.0000,42.356,5.20508,220.4767
easy L/T=0.1,Pessen-Integral,delay,2.00,5.72269,37.16031,0.33049,0,0.2300,20.0000,49.635,7.41652,192.6802
easy L/T=0.1,Some-Overshoot,gain,0.50,2.69784,14.01475,0.34622,1,0.5400,2.5600,17.834,0.56097,2.0135
easy L/T=0.1,Some-Overshoot,gain,0.70,2.69784,14.01475,0.34622,1,0.3500,2.7500,27.083,0.50284,2.4512
easy L/T=0.1,Some-Overshoot,gain,1.00,2.69784,14.01475,0.34622,1,0.2300,2.3500,36.308,0.46052,2.6184
easy L/T=0.1,Some-Overshoot,gain,1.40,2.69784,14.01475,0.34622,0,0.1800,20.0000,36.363,2.38085,396.4787
easy L/T=0.1,Some-Overshoot,gain,1.70,2.69784,14.01475,0.34622,0,0.1400,20.0000,50.533,4.33943,601.9511
easy L/T=0.1,Some-Overshoot,gain,2.00,2.69784,14.01475,0.34622,0,0.1000,20.0000,56.007,5.82785,621.4056
easy L/T=0.1,Some-Overshoot,tau,0.50,2.69784,14.01475,0.34622,1,0.1200,19.9900,43.152,5.71829,616.2462
easy L/T=0.1,Some-Overshoot,tau,0.70,2.69784,14.01475,0.34622,1,0.2000,19.9900,33.083,2.56563,431.4678
easy L/T=0.1,Some-Overshoot,tau,1.00,2.69784,14.01475,0.34622,1,0.2300,2.3500,36.308,0.46052,2.6184
easy L/T=0.1,Some-Overshoot,tau,1.40,2.69784,14.01475,0.34622,1,0.3200,2.7800,32.212,0.53505,3.0554
easy L/T=0.1,Some-Overshoot,tau,1.70,2.69784,14.01475,0.34622,1,0.3900,3.0500,30.107,0.59391,3.3715
easy L/T=0.1,Some-Overshoot,tau,2.00,2.69784,14.01475,0.34622,1,0.4500,3.9300,28.874,0.65757,3.7039
easy L/T=0.1,Some-Overshoot,delay,0.50,2.69784,14.01475,0.34622,1,0.2400,1.8600,31.214,0.38338,2.3907
easy L/T=0.1,Some-Overshoot,delay,0.70,2.69784,14.01475,0.34622,1,0.2300,1.8500,33.228,0.41287,2.4077
easy L/T=0.1,Some-Overshoot,delay,1.00,2.69784,14.01475,0.34622,1,0.2300,2.3500,36.308,0.46052,2.6184
easy L/T=0.1,Some-Overshoot,delay,1.40,2.69784,14.01475,0.34622,1,0.2300,2.3800,39.463,0.52128,3.0021
easy L/T=0.1,Some-Overshoot,delay,1.70,2.69784,14.01475,0.34622,1,0.2300,2.3500,45.425,0.57523,3.1748
easy L/T=0.1,Some-Overshoot,delay,2.00,2.69784,14.01475,0.34622,1,0.2300,2.8300,52.192,0.65324,4.4512
easy L/T=0.1,No-Overshoot,gain,0.50,1.63506,8.49379,0.20983,1,0.5500,3.9700,23.157,0.66826,2.3735
easy L/T=0.1,No-Overshoot,gain,0.70,1.63506,8.49379,0.20983,1,0.3600,3.3900,35.142,0.64325,2.9257
easy L/T=0.1,No-Overshoot,gain,1.00,1.63506,8.49379,0.20983,1,0.2500,2.8900,42.053,0.58129,3.1439
easy L/T=0.1,No-Overshoot,gain,1.40,1.63506,8.49379,0.20983,1,0.1900,2.5000,39.690,0.47695,3.3483
easy L/T=0.1,No-Overshoot,gain,1.70,1.63506,8.49379,0.20983,1,0.1500,2.2800,40.864,0.42048,4.9451
easy L/T=0.1,No-Overshoot,gain,2.00,1.63506,8.49379,0.20983,1,0.1100,2.1800,46.776,0.38411,12.4896
easy L/T=0.1,No-Overshoot,tau,0.50,1.63506,8.49379,0.20983,1,0.1300,2.1200,36.689,0.35074,11.9769
easy L/T=0.1,No-Overshoot,tau,0.70,1.63506,8.49379,0.20983,1,0.2100,2.3300,34.655,0.43501,3.1409
easy L/T=0.1,No-Overshoot,tau,1.00,1.63506,8.49379,0.20983,1,0.2500,2.8900,42.053,0.58129,3.1439
easy L/T=0.1,No-Overshoot,tau,1.40,1.63506,8.49379,0.20983,1,0.3200,4.1600,43.339,0.73551,3.7624
easy L/T=0.1,No-Overshoot,tau,1.70,1.63506,8.49379,0.20983,1,0.3900,4.6300,40.346,0.81368,4.1232
easy L/T=0.1,No-Overshoot,tau,2.00,1.63506,8.49379,0.20983,1,0.4600,5.0500,37.951,0.89003,4.4548
easy L/T=0.1,No-Overshoot,delay,0.50,1.63506,8.49379,0.20983,1,0.2900,2.8100,34.148,0.47505,3.1795
easy L/T=0.1,No-Overshoot,delay,0.70,1.63506,8.49379,0.20983,1,0.2700,2.8700,37.138,0.51272,3.1610
easy L/T=0.1,No-Overshoot,delay,1.00,1.63506,8.49379,0.20983,1,0.2500,2.8900,42.053,0.58129,3.1439
easy L/T=0.1,No-Overshoot,delay,1.40,1.63506,8.49379,0.20983,1,0.2400,3.5600,49.534,0.70042,3.6105
easy L/T=0.1,No-Overshoot,delay,1.70,1.63506,8.49379,0.20983,1,0.2300,4.2100,56.284,0.82584,4.3484
easy L/T=0.1,No-Overshoot,delay,2.00,1.63506,8.49379,0.20983,0,0.2300,5.0100,63.509,1.00840,5.6105
easy L/T=0.1,AMIGO-freq,gain,0.50,1.30804,7.38590,0.05036,1,0.5500,4.0200,24.082,0.69923,2.8619
easy L/T=0.1,AMIGO-freq,gain,0.70,1.30804,7.38590,0.05036,1,0.3600,3.9900,36.305,0.67517,3.5764
easy L/T=0.1,AMIGO-freq,gain,1.00,1.30804,7.38590,0.05036,1,0.2300,3.3400,48.010,0.63537,4.0071
easy L/T=0.1,AMIGO-freq,gain,1.40,1.30804,7.38590,0.05036,1,0.1700,2.7300,53.472,0.55136,4.0153
easy L/T=0.1,AMIGO-freq,gain,1.70,1.30804,7.38590,0.05036,1,0.1400,2.3900,55.614,0.49823,3.9442
easy L/T=0.1,AMIGO-freq,gain,2.00,1.30804,7.38590,0.05036,1,0.1200,1.7800,57.714,0.45698,3.8792
easy L/T=0.1,AMIGO-freq,tau,0.50,1.30804,7.38590,0.05036,1,0.1300,1.3200,40.957,0.35431,2.8158
easy L/T=0.1,AMIGO-freq,tau,0.70,1.30804,7.38590,0.05036,1,0.1700,2.1700,45.369,0.47199,3.2995
easy L/T=0.1,AMIGO-freq,tau,1.00,1.30804,7.38590,0.05036,1,0.2300,3.3400,48.010,0.63537,4.0071
easy L/T=0.1,AMIGO-freq,tau,1.40,1.30804,7.38590,0.05036,1,0.3300,4.1500,45.115,0.79686,4.6895
easy L/T=0.1,AMIGO-freq,tau,1.70,1.30804,7.38590,0.05036,1,0.3900,5.5100,42.673,0.90126,5.1143
easy L/T=0.1,AMIGO-freq,tau,2.00,1.30804,7.38590,0.05036,1,0.4600,6.1100,40.504,0.99822,5.4969
easy L/T=0.1,AMIGO-freq,delay,0.50,1.30804,7.38590,0.05036,1,0.2600,2.6700,35.960,0.47257,2.8701
easy L/T=0.1,AMIGO-freq,delay,0.70,1.30804,7.38590,0.05036,1,0.2500,2.7100,41.015,0.52983,3.3788
easy L/T=0.1,AMIGO-freq,delay,1.00,1.30804,7.38590,0.05036,1,0.2300,3.3400,48.010,0.63537,4.0071
easy L/T=0.1,AMIGO-freq,delay,1.40,1.30804,7.38590,0.05036,1,0.2300,4.7000,55.522,0.84589,5.4735
easy L/T=0.1,AMIGO-freq,delay,1.70,1.30804,7.38590,0.05036,0,0.2300,6.9900,61.603,1.18477,8.1353
easy L/T=0.1,AMIGO-freq,delay,2.00,1.30804,7.38590,0.05036,0,0.2300,15.3500,67.820,2.27385,17.2292
easy L/T=0.1,Cohen-Coon,gain,0.50,6.79167,28.75000,0.24256,1,0.5400,1.2000,5.385,0.42147,1.3545
easy L/T=0.1,Cohen-Coon,gain,0.70,6.79167,28.75000,0.24256,1,0.3500,0.8100,5.254,0.31193,1.6260
easy L/T=0.1,Cohen-Coon,gain,1.00,6.79167,28.75000,0.24256,1,0.2300,1.1600,6.154,0.26270,6.3036
easy L/T=0.1,Cohen-Coon,gain,1.40,6.79167,28.75000,0.24256,0,0.1600,20.0000,26.207,3.77562,495.0882
easy L/T=0.1,Cohen-Coon,gain,1.70,6.79167,28.75000,0.24256,0,0.1300,20.0000,23.378,5.00262,523.5081
easy L/T=0.1,Cohen-Coon,gain,2.00,6.79167,28.75000,0.24256,0,0.1000,20.0000,22.251,6.06622,544.8691
easy L/T=0.1,Cohen-Coon,tau,0.50,6.79167,28.75000,0.24256,0,0.1100,20.0000,17.371,6.03296,543.5013
easy L/T=0.1,Cohen-Coon,tau,0.70,6.79167,28.75000,0.24256,1,0.1600,19.9900,23.533,3.53775,466.7113
easy L/T=0.1,Cohen-Coon,tau,1.00,6.79167,28.75000,0.24256,1,0.2300,1.1600,6.154,0.26270,6.3036
easy L/T=0.1,Cohen-Coon,tau,1.40,6.79167,28.75000,0.24256,1,0.3200,0.7800,7.208,0.30232,2.0259
easy L/T=0.1,Cohen-Coon,tau,1.70,6.79167,28.75000,0.24256,1,0.3900,0.9800,8.467,0.35351,2.0754
easy L/T=0.1,Cohen-Coon,tau,2.00,6.79167,28.75000,0.24256,1,0.4500,1.1300,9.420,0.40412,2.2627
easy L/T=0.1,Cohen-Coon,delay,0.50,6.79167,28.75000,0.24256,1,0.2400,0.7200,3.247,0.19752,1.5880
easy L/T=0.1,Cohen-Coon,delay,0.70,6.79167,28.75000,0.24256,1,0.2300,0.6400,2.877,0.21067,2.0305
easy L/T=0.1,Cohen-Coon,delay,1.00,6.79167,28.75000,0.24256,1,0.2300,1.1600,6.154,0.26270,6.3036
easy L/T=0.1,Cohen-Coon,delay,1.40,6.79167,28.75000,0.24256,0,0.2300,20.0000,25.047,3.77507,267.3794
easy L/T=0.1,Cohen-Coon,delay,1.70,6.79167,28.75000,0.24256,0,0.2300,20.0000,25.190,5.40832,245.0435
easy L/T=0.1,Cohen-Coon,delay,2.00,6.79167,28.75000,0.24256,0,0.2300,20.0000,31.993,6.97873,212.6368
easy L/T=0.1,AMIGO-step,gain,0.50,2.35000,5.59524,0.11408,1,0.5600,2.1800,12.236,0.52381,1.1920
easy L/T=0.1,AMIGO-step,gain,0.70,2.35000,5.59524,0.11408,1,0.3800,1.7700,14.105,0.41907,1.4686
easy L/T=0.1,AMIGO-step,gain,1.00,2.35000,5.59524,0.11408,1,0.2600,1.4600,13.877,0.33131,1.6420
easy L/T=0.1,AMIGO-step,gain,1.40,2.35000,5.59524,0.11408,1,0.1800,1.2400,12.417,0.26557,1.7403
easy L/T=0.1,AMIGO-step,gain,1.70,2.35000,5.59524,0.11408,1,0.1400,1.1400,11.243,0.23535,1.9818
easy L/T=0.1,AMIGO-step,gain,2.00,2.35000,5.59524,0.11408,1,0.1100,1.0200,11.346,0.21559,3.0468
easy L/T=0.1,AMIGO-step,tau,0.50,2.35000,5.59524,0.11408,1,0.1200,0.9000,5.665,0.18786,2.8713
easy L/T=0.1,AMIGO-step,tau,0.70,2.35000,5.59524,0.11408,1,0.1900,1.2000,8.226,0.24608,1.5456
easy L/T=0.1,AMIGO-step,tau,1.00,2.35000,5.59524,0.11408,1,0.2600,1.4600,13.877,0.33131,1.6420
easy L/T=0.1,AMIGO-step,tau,1.40,2.35000,5.59524,0.11408,1,0.3500,1.7100,18.821,0.44140,1.8113
easy L/T=0.1,AMIGO-step,tau,1.70,2.35000,5.59524,0.11408,1,0.4100,2.7100,21.087,0.52180,1.9478
easy L/T=0.1,AMIGO-step,tau,2.00,2.35000,5.59524,0.11408,1,0.4700,3.1100,22.542,0.59967,2.0842
easy L/T=0.1,AMIGO-step,delay,0.50,2.35000,5.59524,0.11408,1,0.3000,1.5700,12.590,0.29675,1.6075
easy L/T=0.1,AMIGO-step,delay,0.70,2.35000,5.59524,0.11408,1,0.2900,1.5300,13.042,0.31024,1.6189
easy L/T=0.1,AMIGO-step,delay,1.00,2.35000,5.59524,0.11408,1,0.2600,1.4600,13.877,0.33131,1.6420
easy L/T=0.1,AMIGO-step,delay,1.40,2.35000,5.59524,0.11408,1,0.2400,1.3400,15.980,0.36474,1.7003
easy L/T=0.1,AMIGO-step,delay,1.70,2.35000,5.59524,0.11408,1,0.2300,1.2000,20.975,0.39495,1.8820
easy L/T=0.1,AMIGO-step,delay,2.00,2.35000,5.59524,0.11408,1,0.2300,1.4600,27.990,0.44790,2.4744
easy L/T=0.1,IMC-lambda,gain,0.50,0.95455,0.90909,0.04545,1,2.1900,4.0100,0.000,1.09001,0.1481
easy L/T=0.1,IMC-lambda,gain,0.70,0.95455,0.90909,0.04545,1,1.4900,2.7100,0.008,0.77610,0.4313
easy L/T=0.1,IMC-lambda,gain,1.00,0.95455,0.90909,0.04545,1,0.9800,1.7600,0.207,0.54828,0.6456
easy L/T=0.1,IMC-lambda,gain,1.40,0.95455,0.90909,0.04545,1,0.6600,1.1700,0.693,0.40708,0.7885
easy L/T=0.1,IMC-lambda,gain,1.70,0.95455,0.90909,0.04545,1,0.5100,0.9200,1.065,0.34828,0.8515
easy L/T=0.1,IMC-lambda,gain,2.00,0.95455,0.90909,0.04545,1,0.4200,0.7600,1.404,0.30844,0.8956
easy L/T=0.1,IMC-lambda,tau,0.50,0.95455,0.90909,0.04545,1,1.1500,3.4100,0.000,0.54000,0.7155
easy L/T=0.1,IMC-lambda,tau,0.70,0.95455,0.90909,0.04545,1,0.9800,2.8300,0.000,0.54000,0.6641
easy L/T=0.1,IMC-lambda,tau,1.00,0.95455,0.90909,0.04545,1,0.9800,1.7600,0.207,0.54828,0.6456
easy L/T=0.1,IMC-lambda,tau,1.40,0.95455,0.90909,0.04545,1,1.0900,3.9900,4.069,0.71347,0.6506
easy L/T=0.1,IMC-lambda,tau,1.70,0.95455,0.90909,0.04545,1,1.1800,4.7600,6.922,0.85096,0.6628
easy L/T=0.1,IMC-lambda,tau,2.00,0.95455,0.90909,0.04545,1,1.2600,5.2800,9.489,0.98982,0.6810
easy L/T=0.1,IMC-lambda,delay,0.50,0.95455,0.90909,0.04545,1,1.1000,1.9100,0.126,0.54525,0.5547
easy L/T=0.1,IMC-lambda,delay,0.70,0.95455,0.90909,0.04545,1,1.0500,1.8500,0.154,0.54632,0.5911
easy L/T=0.1,IMC-lambda,delay,1.00,0.95455,0.90909,0.04545,1,0.9800,1.7600,0.207,0.54828,0.6456
easy L/T=0.1,IMC-lambda,delay,1.40,0.95455,0.90909,0.04545,1,0.8900,1.6200,0.306,0.55180,0.7183
easy L/T=0.1,IMC-lambda,delay,1.70,0.95455,0.90909,0.04545,1,0.8100,1.5100,0.413,0.55540,0.7729
easy L/T=0.1,IMC-lambda,delay,2.00,0.95455,0.90909,0.04545,1,0.7300,1.3900,0.566,0.56028,0.8274
typical L/T=0.3,Ziegler-Nichols,gain,0.50,1.76705,3.26494,0.23909,1,0.5500,4.0000,21.803,0.88396,1.4910
typical L/T=0.3,Ziegler-Nichols,gain,0.70,1.76705,3.26494,0.23909,1,0.3700,3.2300,24.226,0.76021,1.7642
typical L/T=0.3,Ziegler-Nichols,gain,1.00,1.76705,3.26494,0.23909,1,0.2300,1.9000,32.626,0.66547,2.5930
typical L/T=0.3,Ziegler-Nichols,gain,1.40,1.76705,3.26494,0.23909,0,0.1600,7.5500,62.347,1.13934,14.7727
typical L/T=0.3,Ziegler-Nichols,gain,1.70,1.76705,3.26494,0.23909,0,0.1300,25.0000,92.171,14.08100,232.9566
typical L/T=0.3,Ziegler-Nichols,gain,2.00,1.76705,3.26494,0.23909,0,0.1100,25.0000,119.162,17.81780,248.5298
typical L/T=0.3,Ziegler-Nichols,tau,0.50,1.76705,3.26494,0.23909,0,0.1200,25.0000,87.205,15.03393,252.1752
typical L/T=0.3,Ziegler-Nichols,tau,0.70,1.76705,3.26494,0.23909,1,0.1700,7.7300,51.907,1.09679,15.1031
typical L/T=0.3,Ziegler-Nichols,tau,1.00,1.76705,3.26494,0.23909,1,0.2300,1.9000,32.626,0.66547,2.5930
typical L/T=0.3,Ziegler-Nichols,tau,1.40,1.76705,3.26494,0.23909,1,0.3300,3.3500,32.938,0.83897,2.2225
typical L/T=0.3,Ziegler-Nichols,tau,1.70,1.76705,3.26494,0.23909,1,0.4000,3.8000,36.929,0.98519,2.4685
typical L/T=0.3,Ziegler-Nichols,tau,2.00,1.76705,3.26494,0.23909,1,0.4600,5.3700,39.609,1.13242,2.7247
typical L/T=0.3,Ziegler-Nichols,delay,0.50,1.76705,3.26494,0.23909,1,0.3800,2.1900,17.406,0.49396,2.5467
typical L/T=0.3,Ziegler-Nichols,delay,0.70,1.76705,3.26494,0.23909,1,0.2500,2.1000,21.334,0.53554,2.5220
typical L/T=0.3,Ziegler-Nichols,delay,1.00,1.76705,3.26494,0.23909,1,0.2300,1.9000,32.626,0.66547,2.5930
typical L/T=0.3,Ziegler-Nichols,delay,1.40,1.76705,3.26494,0.23909,0,0.2300,5.5900,63.849,1.22651,5.9605
typical L/T=0.3,Ziegler-Nichols,delay,1.70,1.76705,3.26494,0.23909,0,0.2300,25.0000,85.269,13.89357,84.3511
typical L/T=0.3,Ziegler-Nichols,delay,2.00,1.76705,3.26494,0.23909,0,0.2300,25.0000,102.097,18.89573,83.1529
typical L/T=0.3,Tyreus-Luyben,gain,0.50,1.32529,0.55652,0.22771,1,4.2300,10.1200,0.000,1.78597,1.0153
typical L/T=0.3,Tyreus-Luyben,gain,0.70,1.32529,0.55652,0.22771,1,2.6000,7.8000,0.000,1.27327,1.4449
typical L/T=0.3,Tyreus-Luyben,gain,1.00,1.32529,0.55652,0.22771,1,1.0500,5.7200,0.000,0.88839,2.7068
typical L/T=0.3,Tyreus-Luyben,gain,1.40,1.32529,0.55652,0.22771,1,0.2400,5.0500,11.649,0.75114,8.0518
typical L/T=0.3,Tyreus-Luyben,gain,1.70,1.32529,0.55652,0.22771,1,0.1900,24.9700,42.261,5.15540,96.8038
typical L/T=0.3,Tyreus-Luyben,gain,2.00,1.32529,0.55652,0.22771,0,0.1600,25.0000,92.895,17.24864,262.4122
typical L/T=0.3,Tyreus-Luyben,tau,0.50,1.32529,0.55652,0.22771,0,0.1800,25.0000,68.070,14.85661,255.9184
typical L/T=0.3,Tyreus-Luyben,tau,0.70,1.32529,0.55652,0.22771,1,0.2400,6.5100,5.358,0.91578,8.3692
typical L/T=0.3,Tyreus-Luyben,tau,1.00,1.32529,0.55652,0.22771,1,1.0500,5.7200,0.000,0.88839,2.7068
typical L/T=0.3,Tyreus-Luyben,tau,1.40,1.32529,0.55652,0.22771,1,1.1900,4.3400,0.000,0.88842,1.4893
typical L/T=0.3,Tyreus-Luyben,tau,1.70,1.32529,0.55652,0.22771,1,1.2800,3.0100,0.000,0.88843,1.2428
typical L/T=0.3,Tyreus-Luyben,tau,2.00,1.32529,0.55652,0.22771,1,1.3700,2.6000,0.471,0.92503,1.1887
typical L/T=0.3,Tyreus-Luyben,delay,0.50,1.32529,0.55652,0.22771,1,1.6500,5.9800,0.000,0.88837,1.8641
typical L/T=0.3,Tyreus-Luyben,delay,0.70,1.32529,0.55652,0.22771,1,1.5100,5.8800,0.000,0.88838,2.1842
typical L/T=0.3,Tyreus-Luyben,delay,1.00,1.32529,0.55652,0.22771,1,1.0500,5.7200,0.000,0.88839,2.7068
typical L/T=0.3,Tyreus-Luyben,delay,1.40,1.32529,0.55652,0.22771,1,0.3400,5.3900,10.044,0.93891,3.7306
typical L/T=0.3,Tyreus-Luyben,delay,1.70,1.32529,0.55652,0.22771,1,0.3400,6.4100,27.548,1.17571,5.0853
typical L/T=0.3,Tyreus-Luyben,delay,2.00,1.32529,0.55652,0.22771,1,0.3400,9.2800,44.510,1.77298,7.6239
typical L/T=0.3,Pessen-Integral,gain,0.50,2.06156,4.76137,0.33473,1,0.5400,3.8000,27.246,0.92558,1.6356
typical L/T=0.3,Pessen-Integral,gain,0.70,2.06156,4.76137,0.33473,1,0.3600,3.1600,30.982,0.80579,1.8587
typical L/T=0.3,Pessen-Integral,gain,1.00,2.06156,4.76137,0.33473,1,0.2300,2.9000,32.879,0.69643,4.0407
typical L/T=0.3,Pessen-Integral,gain,1.40,2.06156,4.76137,0.33473,0,0.1600,25.0000,72.333,11.01452,233.4768
typical L/T=0.3,Pessen-Integral,gain,1.70,2.06156,4.76137,0.33473,0,0.1300,25.0000,89.536,14.84686,260.4067
typical L/T=0.3,Pessen-Integral,gain,2.00,2.06156,4.76137,0.33473,0,0.1000,25.0000,119.764,18.15709,274.8717
typical L/T=0.3,Pessen-Integral,tau,0.50,2.06156,4.76137,0.33473,0,0.1100,25.0000,88.306,17.65442,284.7119
typical L/T=0.3,Pessen-Integral,tau,0.70,2.06156,4.76137,0.33473,0,0.1600,25.0000,62.248,10.02305,223.3502
typical L/T=0.3,Pessen-Integral,tau,1.00,2.06156,4.76137,0.33473,1,0.2300,2.9000,32.879,0.69643,4.0407
typical L/T=0.3,Pessen-Integral,tau,1.40,2.06156,4.76137,0.33473,1,0.3200,3.0900,38.484,0.87204,2.3890
typical L/T=0.3,Pessen-Integral,tau,1.70,2.06156,4.76137,0.33473,1,0.3900,4.5000,43.388,1.03635,2.8564
typical L/T=0.3,Pessen-Integral,tau,2.00,2.06156,4.76137,0.33473,1,0.4500,4.9800,44.744,1.18078,3.2757
typical L/T=0.3,Pessen-Integral,delay,0.50,2.06156,4.76137,0.33473,1,0.3700,2.5800,22.567,0.51309,3.8809
typical L/T=0.3,Pessen-Integral,delay,0.70,2.06156,4.76137,0.33473,1,0.2400,2.5900,28.090,0.54925,3.8659
typical L/T=0.3,Pessen-Integral,delay,1.00,2.06156,4.76137,0.33473,1,0.2300,2.9000,32.879,0.69643,4.0407
typical L/T=0.3,Pessen-Integral,delay,1.40,2.06156,4.76137,0.33473,0,0.2300,18.5300,63.931,2.32533,19.2353
typical L/T=0.3,Pessen-Integral,delay,1.70,2.06156,4.76137,0.33473,0,0.2300,25.0000,84.098,15.09558,97.2213
typical L/T=0.3,Pessen-Integral,delay,2.00,2.06156,4.76137,0.33473,0,0.2300,25.0000,102.185,21.51411,92.0000
typical L/T=0.3,Some-Overshoot,gain,0.50,0.97188,1.79572,0.35067,1,0.9900,6.3500,18.966,1.23784,1.6570
typical L/T=0.3,Some-Overshoot,gain,0.70,0.97188,1.79572,0.35067,1,0.7700,5.6800,22.840,1.11654,2.1310
typical L/T=0.3,Some-Overshoot,gain,1.00,0.97188,1.79572,0.35067,1,0.6500,5.0100,26.200,0.98663,3.9680
typical L/T=0.3,Some-Overshoot,gain,1.40,0.97188,1.79572,0.35067,0,0.2600,25.0000,55.604,7.39816,181.6541
typical L/T=0.3,Some-Overshoot,gain,1.70,0.97188,1.79572,0.35067,0,0.2200,25.0000,91.097,14.74068,272.7550
typical L/T=0.3,Some-Overshoot,gain,2.00,0.97188,1.79572,0.35067,0,0.1900,25.0000,114.867,19.41092,281.5069
typical L/T=0.3,Some-Overshoot,tau,0.50,0.97188,1.79572,0.35067,0,0.2100,25.0000,87.225,20.34527,285.6546
typical L/T=0.3,Some-Overshoot,tau,0.70,0.97188,1.79572,0.35067,0,0.2700,25.0000,51.303,7.80801,194.2144
typical L/T=0.3,Some-Overshoot,tau,1.00,0.97188,1.79572,0.35067,1,0.6500,5.0100,26.200,0.98663,3.9680
typical L/T=0.3,Some-Overshoot,tau,1.40,0.97188,1.79572,0.35067,1,0.6800,5.7000,31.166,1.25171,2.4107
typical L/T=0.3,Some-Overshoot,tau,1.70,0.97188,1.79572,0.35067,1,0.7300,7.8300,34.765,1.45301,2.3452
typical L/T=0.3,Some-Overshoot,tau,2.00,0.97188,1.79572,0.35067,1,0.7900,8.6700,37.713,1.65495,2.4363
typical L/T=0.3,Some-Overshoot,delay,0.50,0.97188,1.79572,0.35067,1,0.7600,4.8400,19.281,0.83963,2.7356
typical L/T=0.3,Some-Overshoot,delay,0.70,0.97188,1.79572,0.35067,1,0.6600,4.9700,21.246,0.89245,3.3008
typical L/T=0.3,Some-Overshoot,delay,1.00,0.97188,1.79572,0.35067,1,0.6500,5.0100,26.200,0.98663,3.9680
typical L/T=0.3,Some-Overshoot,delay,1.40,0.97188,1.79572,0.35067,1,0.3600,4.9200,37.753,1.19454,4.5310
typical L/T=0.3,Some-Overshoot,delay,1.70,0.97188,1.79572,0.35067,1,0.3600,6.4200,47.481,1.44943,4.8341
typical L/T=0.3,Some-Overshoot,delay,2.00,0.97188,1.79572,0.35067,0,0.3600,6.4000,73.407,1.71213,4.9125
typical L/T=0.3,No-Overshoot,gain,0.50,0.58902,1.08831,0.21252,1,1.5200,5.7000,12.186,1.46131,1.0499
typical L/T=0.3,No-Overshoot,gain,0.70,0.58902,1.08831,0.21252,1,1.1400,6.5500,16.859,1.30366,0.9555
typical L/T=0.3,No-Overshoot,gain,1.00,0.58902,1.08831,0.21252,1,0.8500,5.9700,21.237,1.16681,1.1515
typical L/T=0.3,No-Overshoot,gain,1.40,0.58902,1.08831,0.21252,1,0.7000,5.3200,24.386,1.04858,1.6214
typical L/T=0.3,No-Overshoot,gain,1.70,0.58902,1.08831,0.21252,1,0.6400,4.9700,27.450,0.97586,2.6567
typical L/T=0.3,No-Overshoot,gain,2.00,0.58902,1.08831,0.21252,1,0.3100,6.6300,36.622,0.97711,6.0741
typical L/T=0.3,No-Overshoot,tau,0.50,0.58902,1.08831,0.21252,1,0.8000,5.3400,19.115,0.85117,5.1537
typical L/T=0.3,No-Overshoot,tau,0.70,0.58902,1.08831,0.21252,1,0.8100,3.6800,16.393,0.93413,1.5982
typical L/T=0.3,No-Overshoot,tau,1.00,0.58902,1.08831,0.21252,1,0.8500,5.9700,21.237,1.16681,1.1515
typical L/T=0.3,No-Overshoot,tau,1.40,0.58902,1.08831,0.21252,1,0.9600,7.0200,27.202,1.49251,1.1813
typical L/T=0.3,No-Overshoot,tau,1.70,0.58902,1.08831,0.21252,1,1.0500,7.6400,30.795,1.73991,1.3557
typical L/T=0.3,No-Overshoot,tau,2.00,0.58902,1.08831,0.21252,1,1.1300,10.7300,33.821,1.98826,1.5746
typical L/T=0.3,No-Overshoot,delay,0.50,0.58902,1.08831,0.21252,1,1.0100,4.1400,15.625,0.99578,0.8642
typical L/T=0.3,No-Overshoot,delay,0.70,0.58902,1.08831,0.21252,1,0.9400,5.6900,17.629,1.05723,0.9789
typical L/T=0.3,No-Overshoot,delay,1.00,0.58902,1.08831,0.21252,1,0.8500,5.9700,21.237,1.16681,1.1515
typical L/T=0.3,No-Overshoot,delay,1.40,0.58902,1.08831,0.21252,1,0.6900,6.0800,27.517,1.34825,1.3366
typical L/T=0.3,No-Overshoot,delay,1.70,0.58902,1.08831,0.21252,1,0.5800,6.0800,33.771,1.55190,1.5276
typical L/T=0.3,No-Overshoot,delay,2.00,0.58902,1.08831,0.21252,1,0.5400,7.9600,40.173,1.84067,1.8040
typical L/T=0.3,AMIGO-freq,gain,0.50,0.47121,0.94636,0.05101,1,1.6200,5.7300,9.605,1.47550,0.9731
typical L/T=0.3,AMIGO-freq,gain,0.70,0.47121,0.94636,0.05101,1,1.1600,4.6500,14.649,1.28426,0.8411
typical L/T=0.3,AMIGO-freq,gain,1.00,0.47121,0.94636,0.05101,1,0.8100,5.3900,20.394,1.13254,0.7812
typical L/T=0.3,AMIGO-freq,gain,1.40,0.47121,0.94636,0.05101,1,0.5700,4.5500,26.206,1.01705,0.8277
typical L/T=0.3,AMIGO-freq,gain,1.70,0.47121,0.94636,0.05101,1,0.4500,4.0700,29.833,0.95890,0.8971
typical L/T=0.3,AMIGO-freq,gain,2.00,0.47121,0.94636,0.05101,1,0.3800,3.6900,33.117,0.91533,0.9511
typical L/T=0.3,AMIGO-freq,tau,0.50,0.47121,0.94636,0.05101,1,0.5500,2.5700,6.705,0.66599,0.5643
typical L/T=0.3,AMIGO-freq,tau,0.70,0.47121,0.94636,0.05101,1,0.6700,3.1400,13.304,0.85344,0.6005
typical L/T=0.3,AMIGO-freq,tau,1.00,0.47121,0.94636,0.05101,1,0.8100,5.3900,20.394,1.13254,0.7812
typical L/T=0.3,AMIGO-freq,tau,1.40,0.47121,0.94636,0.05101,1,0.9800,6.7600,27.072,1.50376,1.1018
typical L/T=0.3,AMIGO-freq,tau,1.70,0.47121,0.94636,0.05101,1,1.0700,9.4000,30.891,1.78191,1.3531
typical L/T=0.3,AMIGO-freq,tau,2.00,0.47121,0.94636,0.05101,1,1.1700,10.7900,34.053,2.05982,1.6093
typical L/T=0.3,AMIGO-freq,delay,0.50,0.47121,0.94636,0.05101,1,0.9900,3.8900,12.660,0.92507,0.5398
typical L/T=0.3,AMIGO-freq,delay,0.70,0.47121,0.94636,0.05101,1,0.9100,3.8200,15.263,0.99522,0.6221
typical L/T=0.3,AMIGO-freq,delay,1.00,0.47121,0.94636,0.05101,1,0.8100,5.3900,20.394,1.13254,0.7812
typical L/T=0.3,AMIGO-freq,delay,1.40,0.47121,0.94636,0.05101,1,0.7100,5.5900,30.281,1.40812,1.1039
typical L/T=0.3,AMIGO-freq,delay,1.70,0.47121,0.94636,0.05101,1,0.6700,7.4300,40.342,1.72890,1.4629
typical L/T=0.3,AMIGO-freq,delay,2.00,0.47121,0.94636,0.05101,1,0.6400,9.5800,52.416,2.22124,1.9943
typical L/T=0.3,Cohen-Coon,gain,0.50,2.34722,3.56481,0.24282,1,0.5500,2.5200,11.188,0.71907,1.1136
typical L/T=0.3,Cohen-Coon,gain,0.70,2.34722,3.56481,0.24282,1,0.3600,2.0400,14.849,0.60391,1.5142
typical L/T=0.3,Cohen-Coon,gain,1.00,2.34722,3.56481,0.24282,1,0.2300,3.2300,30.913,0.65088,5.2565
typical L/T=0.3,Cohen-Coon,gain,1.40,2.34722,3.56481,0.24282,0,0.1600,25.0000,72.026,12.05196,217.8723
typical L/T=0.3,Cohen-Coon,gain,1.70,2.34722,3.56481,0.24282,0,0.1300,25.0000,89.885,16.01480,237.2174
typical L/T=0.3,Cohen-Coon,gain,2.00,2.34722,3.56481,0.24282,0,0.1000,25.0000,119.660,19.15764,248.0000
typical L/T=0.3,Cohen-Coon,tau,0.50,2.34722,3.56481,0.24282,0,0.1100,25.0000,87.951,17.95038,256.6914
typical L/T=0.3,Cohen-Coon,tau,0.70,2.34722,3.56481,0.24282,0,0.1600,25.0000,65.426,10.89595,204.2914
typical L/T=0.3,Cohen-Coon,tau,1.00,2.34722,3.56481,0.24282,1,0.2300,3.2300,30.913,0.65088,5.2565
typical L/T=0.3,Cohen-Coon,tau,1.40,2.34722,3.56481,0.24282,1,0.3200,1.9600,23.830,0.64033,1.9474
typical L/T=0.3,Cohen-Coon,tau,1.70,2.34722,3.56481,0.24282,1,0.3900,2.1500,24.726,0.73896,1.9155
typical L/T=0.3,Cohen-Coon,tau,2.00,2.34722,3.56481,0.24282,1,0.4600,3.4100,26.319,0.84069,2.0544
typical L/T=0.3,Cohen-Coon,delay,0.50,2.34722,3.56481,0.24282,1,0.3600,2.0500,8.884,0.39775,2.0716
typical L/T=0.3,Cohen-Coon,delay,0.70,2.34722,3.56481,0.24282,1,0.2400,1.9100,10.307,0.42512,2.4600
typical L/T=0.3,Cohen-Coon,delay,1.00,2.34722,3.56481,0.24282,1,0.2300,3.2300,30.913,0.65088,5.2565
typical L/T=0.3,Cohen-Coon,delay,1.40,2.34722,3.56481,0.24282,0,0.2300,25.0000,68.142,11.54243,115.8553
typical L/T=0.3,Cohen-Coon,delay,1.70,2.34722,3.56481,0.24282,0,0.2300,25.0000,80.062,16.03151,109.7607
typical L/T=0.3,Cohen-Coon,delay,2.00,2.34722,3.56481,0.24282,0,0.2300,25.0000,98.046,20.88579,100.1748
typical L/T=0.3,AMIGO-step,gain,0.50,0.85000,1.23188,0.11697,1,1.2300,4.7800,8.234,1.12746,0.8266
typical L/T=0.3,AMIGO-step,gain,0.70,0.85000,1.23188,0.11697,1,0.8500,3.9300,11.936,0.96028,0.9433
typical L/T=0.3,AMIGO-step,gain,1.00,0.85000,1.23188,0.11697,1,0.5500,3.1900,15.867,0.82196,1.1646
typical L/T=0.3,AMIGO-step,gain,1.40,0.85000,1.23188,0.11697,1,0.3200,2.6500,18.409,0.72808,1.3678
typical L/T=0.3,AMIGO-step,gain,1.70,0.85000,1.23188,0.11697,1,0.2600,2.4400,24.735,0.69875,1.6760
typical L/T=0.3,AMIGO-step,gain,2.00,0.85000,1.23188,0.11697,1,0.2300,2.4100,36.921,0.68386,2.2974
typical L/T=0.3,AMIGO-step,tau,0.50,0.85000,1.23188,0.11697,1,0.2600,2.3600,10.544,0.52562,2.1562
typical L/T=0.3,AMIGO-step,tau,0.70,0.85000,1.23188,0.11697,1,0.3600,2.6800,9.461,0.62173,1.2725
typical L/T=0.3,AMIGO-step,tau,1.00,0.85000,1.23188,0.11697,1,0.5500,3.1900,15.867,0.82196,1.1646
typical L/T=0.3,AMIGO-step,tau,1.40,0.85000,1.23188,0.11697,1,0.7100,5.2900,22.049,1.08441,1.2481
typical L/T=0.3,AMIGO-step,tau,1.70,0.85000,1.23188,0.11697,1,0.8100,6.2000,25.602,1.27997,1.3405
typical L/T=0.3,AMIGO-step,tau,2.00,0.85000,1.23188,0.11697,1,0.8900,6.8800,28.566,1.47523,1.4858
typical L/T=0.3,AMIGO-step,delay,0.50,0.85000,1.23188,0.11697,1,0.7800,3.4200,9.469,0.68438,0.8182
typical L/T=0.3,AMIGO-step,delay,0.70,0.85000,1.23188,0.11697,1,0.6900,3.3400,11.492,0.73056,0.9450
typical L/T=0.3,AMIGO-step,delay,1.00,0.85000,1.23188,0.11697,1,0.5500,3.1900,15.867,0.82196,1.1646
typical L/T=0.3,AMIGO-step,delay,1.40,0.85000,1.23188,0.11697,1,0.4400,3.8600,27.491,1.03570,1.5318
typical L/T=0.3,AMIGO-step,delay,1.70,0.85000,1.23188,0.11697,1,0.4300,4.1200,44.309,1.29197,1.9898
typical L/T=0.3,AMIGO-step,delay,2.00,0.85000,1.23188,0.11697,0,0.4300,5.5400,64.067,1.76308,2.8573
typical L/T=0.3,IMC-lambda,gain,0.50,0.42593,0.37037,0.05556,1,5.3800,10.0100,0.000,2.68985,0.5981
typical L/T=0.3,IMC-lambda,gain,0.70,0.42593,0.37037,0.05556,1,3.6200,6.9000,0.000,1.91858,0.3361
typical L/T=0.3,IMC-lambda,gain,1.00,0.42593,0.37037,0.05556,1,2.3000,4.4300,0.000,1.34001,0.1853
typical L/T=0.3,IMC-lambda,gain,1.40,0.42593,0.37037,0.05556,1,1.4400,2.7400,0.163,0.96238,0.2988
typical L/T=0.3,IMC-lambda,gain,1.70,0.42593,0.37037,0.05556,1,1.1000,2.0600,0.706,0.81572,0.3627
typical L/T=0.3,IMC-lambda,gain,2.00,0.42593,0.37037,0.05556,1,0.8700,1.6400,1.426,0.72395,0.4112
typical L/T=0.3,IMC-lambda,tau,0.50,0.42593,0.37037,0.05556,1,2.9100,6.3800,0.000,1.34000,0.4263
typical L/T=0.3,IMC-lambda,tau,0.70,0.42593,0.37037,0.05556,1,2.6000,5.7700,0.000,1.34000,0.2993
typical L/T=0.3,IMC-lambda,tau,1.00,0.42593,0.37037,0.05556,1,2.3000,4.4300,0.000,1.34001,0.1853
typical L/T=0.3,IMC-lambda,tau,1.40,0.42593,0.37037,0.05556,1,2.2600,6.1300,2.343,1.49080,0.2390
typical L/T=0.3,IMC-lambda,tau,1.70,0.42593,0.37037,0.05556,1,2.3300,7.8100,5.154,1.69261,0.3142
typical L/T=0.3,IMC-lambda,tau,2.00,0.42593,0.37037,0.05556,1,2.4300,8.6900,7.853,1.91042,0.3932
typical L/T=0.3,IMC-lambda,delay,0.50,0.42593,0.37037,0.05556,1,2.6600,4.9600,0.000,1.34001,0.1692
typical L/T=0.3,IMC-lambda,delay,0.70,0.42593,0.37037,0.05556,1,2.5200,4.7600,0.000,1.34001,0.1742
typical L/T=0.3,IMC-lambda,delay,1.00,0.42593,0.37037,0.05556,1,2.3000,4.4300,0.000,1.34001,0.1853
typical L/T=0.3,IMC-lambda,delay,1.40,0.42593,0.37037,0.05556,1,1.9800,3.9300,0.000,1.34007,0.2449
typical L/T=0.3,IMC-lambda,delay,1.70,0.42593,0.37037,0.05556,1,1.7300,3.5000,0.029,1.34156,0.3091
typical L/T=0.3,IMC-lambda,delay,2.00,0.42593,0.37037,0.05556,1,1.4700,3.0100,0.251,1.35208,0.3745
hard L/T=1.0,Ziegler-Nichols,gain,0.50,1.35710,0.87638,0.52538,1,3.0400,6.7100,0.000,2.32108,1.0651
hard L/T=1.0,Ziegler-Nichols,gain,0.70,1.35710,0.87638,0.52538,1,1.1500,4.0600,1.367,1.72499,1.7379
hard L/T=1.0,Ziegler-Nichols,gain,1.00,1.35710,0.87638,0.52538,1,0.6600,7.6300,23.101,1.80109,3.8270
hard L/T=1.0,Ziegler-Nichols,gain,1.40,1.35710,0.87638,0.52538,0,0.4600,38.8700,66.640,5.53941,21.4549
hard L/T=1.0,Ziegler-Nichols,gain,1.70,1.35710,0.87638,0.52538,0,0.3700,40.0000,100.833,27.03958,108.8544
hard L/T=1.0,Ziegler-Nichols,gain,2.00,1.35710,0.87638,0.52538,0,0.3200,40.0000,135.292,39.29167,133.2374
hard L/T=1.0,Ziegler-Nichols,tau,0.50,1.35710,0.87638,0.52538,0,0.3900,40.0000,68.520,20.62727,91.5802
hard L/T=1.0,Ziegler-Nichols,tau,0.70,1.35710,0.87638,0.52538,1,0.5000,23.4800,43.070,3.37954,13.2684
hard L/T=1.0,Ziegler-Nichols,tau,1.00,1.35710,0.87638,0.52538,1,0.6600,7.6300,23.101,1.80109,3.8270
hard L/T=1.0,Ziegler-Nichols,tau,1.40,1.35710,0.87638,0.52538,1,0.8600,6.4000,14.779,1.87889,1.9874
hard L/T=1.0,Ziegler-Nichols,tau,1.70,1.35710,0.87638,0.52538,1,1.0400,7.0500,14.877,2.10547,1.7146
hard L/T=1.0,Ziegler-Nichols,tau,2.00,1.35710,0.87638,0.52538,1,1.2300,7.5700,18.778,2.35161,1.7505
hard L/T=1.0,Ziegler-Nichols,delay,0.50,1.35710,0.87638,0.52538,1,1.5500,3.2000,0.974,1.18209,3.0203
hard L/T=1.0,Ziegler-Nichols,delay,0.70,1.35710,0.87638,0.52538,1,0.6800,5.2800,5.103,1.27905,3.6160
hard L/T=1.0,Ziegler-Nichols,delay,1.00,1.35710,0.87638,0.52538,1,0.6600,7.6300,23.101,1.80109,3.8270
hard L/T=1.0,Ziegler-Nichols,delay,1.40,1.35710,0.87638,0.52538,1,0.6600,15.0900,48.462,3.24115,4.8607
hard L/T=1.0,Ziegler-Nichols,delay,1.70,1.35710,0.87638,0.52538,0,0.6600,33.4300,61.738,5.86903,8.0071
hard L/T=1.0,Ziegler-Nichols,delay,2.00,1.35710,0.87638,0.52538,0,0.6600,40.0000,71.592,14.86290,20.0682
hard L/T=1.0,Tyreus-Luyben,gain,0.50,1.01782,0.14938,0.50036,0,34.7900,40.0000,0.000,11.87378,1.5583
hard L/T=1.0,Tyreus-Luyben,gain,0.70,1.01782,0.14938,0.50036,0,25.5900,40.0000,0.000,8.93899,1.5901
hard L/T=1.0,Tyreus-Luyben,gain,1.00,1.01782,0.14938,0.50036,1,18.3200,39.0600,0.000,6.45828,2.4599
hard L/T=1.0,Tyreus-Luyben,gain,1.40,1.01782,0.14938,0.50036,1,0.8100,31.4700,0.000,4.68459,8.0775
hard L/T=1.0,Tyreus-Luyben,gain,1.70,1.01782,0.14938,0.50036,0,0.6200,40.0000,87.162,20.38128,90.1562
hard L/T=1.0,Tyreus-Luyben,gain,2.00,1.01782,0.14938,0.50036,0,0.5000,40.0000,111.052,40.08198,134.9789
hard L/T=1.0,Tyreus-Luyben,tau,0.50,1.01782,0.14938,0.50036,0,0.8000,40.0000,67.566,18.86522,77.9446
hard L/T=1.0,Tyreus-Luyben,tau,0.70,1.01782,0.14938,0.50036,1,18.2000,39.5200,0.000,6.44441,6.2146
hard L/T=1.0,Tyreus-Luyben,tau,1.00,1.01782,0.14938,0.50036,1,18.3200,39.0600,0.000,6.45828,2.4599
hard L/T=1.0,Tyreus-Luyben,tau,1.40,1.01782,0.14938,0.50036,1,17.8800,38.2900,0.000,6.47657,1.5071
hard L/T=1.0,Tyreus-Luyben,tau,1.70,1.01782,0.14938,0.50036,1,17.5400,37.7000,0.000,6.49020,1.2051
hard L/T=1.0,Tyreus-Luyben,tau,2.00,1.01782,0.14938,0.50036,1,17.1900,37.0800,0.000,6.50370,1.0167
hard L/T=1.0,Tyreus-Luyben,delay,0.50,1.01782,0.14938,0.50036,1,19.2800,39.9400,0.000,6.43627,1.9093
hard L/T=1.0,Tyreus-Luyben,delay,0.70,1.01782,0.14938,0.50036,1,18.9000,39.5900,0.000,6.44519,2.1232
hard L/T=1.0,Tyreus-Luyben,delay,1.00,1.01782,0.14938,0.50036,1,18.3200,39.0600,0.000,6.45828,2.4599
hard L/T=1.0,Tyreus-Luyben,delay,1.40,1.01782,0.14938,0.50036,1,17.4300,38.3500,0.000,6.47518,2.9556
hard L/T=1.0,Tyreus-Luyben,delay,1.70,1.01782,0.14938,0.50036,1,1.4000,37.8800,0.000,6.48742,3.3990
hard L/T=1.0,Tyreus-Luyben,delay,2.00,1.01782,0.14938,0.50036,1,1.4000,36.6500,5.579,6.52799,3.9257
hard L/T=1.0,Pessen-Integral,gain,0.50,1.58328,1.27805,0.73553,1,2.2400,4.9700,0.000,2.03444,0.5047
hard L/T=1.0,Pessen-Integral,gain,0.70,1.58328,1.27805,0.73553,1,0.9700,6.5800,9.543,1.73552,1.6605
hard L/T=1.0,Pessen-Integral,gain,1.00,1.58328,1.27805,0.73553,1,0.5700,14.3700,29.379,2.22862,7.4959
hard L/T=1.0,Pessen-Integral,gain,1.40,1.58328,1.27805,0.73553,0,0.3800,40.0000,77.819,20.88170,106.5409
hard L/T=1.0,Pessen-Integral,gain,1.70,1.58328,1.27805,0.73553,0,0.3100,40.0000,114.695,33.82032,140.4039
hard L/T=1.0,Pessen-Integral,gain,2.00,1.58328,1.27805,0.73553,0,0.2600,40.0000,151.757,44.70879,144.4039
hard L/T=1.0,Pessen-Integral,tau,0.50,1.58328,1.27805,0.73553,0,0.3000,40.0000,71.906,34.16645,137.9392
hard L/T=1.0,Pessen-Integral,tau,0.70,1.58328,1.27805,0.73553,0,0.4100,40.0000,54.450,15.36411,84.8711
hard L/T=1.0,Pessen-Integral,tau,1.00,1.58328,1.27805,0.73553,1,0.5700,14.3700,29.379,2.22862,7.4959
hard L/T=1.0,Pessen-Integral,tau,1.40,1.58328,1.27805,0.73553,1,0.7900,5.8200,18.473,1.95851,2.0939
hard L/T=1.0,Pessen-Integral,tau,1.70,1.58328,1.27805,0.73553,1,0.9500,9.0300,22.408,2.21671,1.6535
hard L/T=1.0,Pessen-Integral,tau,2.00,1.58328,1.27805,0.73553,1,1.1100,10.0400,27.458,2.49935,1.7692
hard L/T=1.0,Pessen-Integral,delay,0.50,1.58328,1.27805,0.73553,1,1.3500,6.0700,12.091,1.20930,7.5677
hard L/T=1.0,Pessen-Integral,delay,0.70,1.58328,1.27805,0.73553,1,0.5700,9.0400,20.766,1.46249,7.5938
hard L/T=1.0,Pessen-Integral,delay,1.00,1.58328,1.27805,0.73553,1,0.5700,14.3700,29.379,2.22862,7.4959
hard L/T=1.0,Pessen-Integral,delay,1.40,1.58328,1.27805,0.73553,1,0.5700,31.3100,52.710,4.54686,10.0388
hard L/T=1.0,Pessen-Integral,delay,1.70,1.58328,1.27805,0.73553,0,0.5700,40.0000,64.969,16.90353,33.2907
hard L/T=1.0,Pessen-Integral,delay,2.00,1.58328,1.27805,0.73553,0,0.5700,40.0000,76.847,21.87844,34.3237
hard L/T=1.0,Some-Overshoot,gain,0.50,0.74640,0.48201,0.77055,1,7.1300,13.3200,0.000,4.13931,1.6445
hard L/T=1.0,Some-Overshoot,gain,0.70,0.74640,0.48201,0.77055,1,4.6300,8.0600,0.457,3.00584,1.5274
hard L/T=1.0,Some-Overshoot,gain,1.00,0.74640,0.48201,0.77055,1,2.7700,11.3200,7.039,2.43503,3.4363
hard L/T=1.0,Some-Overshoot,gain,1.40,0.74640,0.48201,0.77055,0,0.8900,40.0000,69.627,15.65073,83.7030
hard L/T=1.0,Some-Overshoot,gain,1.70,0.74640,0.48201,0.77055,0,0.7200,40.0000,100.129,33.83077,130.0814
hard L/T=1.0,Some-Overshoot,gain,2.00,0.74640,0.48201,0.77055,0,0.6000,40.0000,127.533,44.81138,140.2688
hard L/T=1.0,Some-Overshoot,tau,0.50,0.74640,0.48201,0.77055,0,0.9000,40.0000,59.557,29.49980,127.5461
hard L/T=1.0,Some-Overshoot,tau,0.70,0.74640,0.48201,0.77055,0,2.5600,40.0000,47.699,10.36589,58.9500
hard L/T=1.0,Some-Overshoot,tau,1.00,0.74640,0.48201,0.77055,1,2.7700,11.3200,7.039,2.43503,3.4363
hard L/T=1.0,Some-Overshoot,tau,1.40,0.74640,0.48201,0.77055,1,2.9100,11.6100,6.863,2.69761,1.6426
hard L/T=1.0,Some-Overshoot,tau,1.70,0.74640,0.48201,0.77055,1,2.9900,12.2700,9.030,2.96384,1.3253
hard L/T=1.0,Some-Overshoot,tau,2.00,0.74640,0.48201,0.77055,1,3.0800,12.8600,11.340,3.23922,1.2090
hard L/T=1.0,Some-Overshoot,delay,0.50,0.74640,0.48201,0.77055,1,3.7600,5.8100,1.174,2.17301,2.6658
hard L/T=1.0,Some-Overshoot,delay,0.70,0.74640,0.48201,0.77055,1,3.4700,9.7200,2.799,2.25628,3.1567
hard L/T=1.0,Some-Overshoot,delay,1.00,0.74640,0.48201,0.77055,1,2.7700,11.3200,7.039,2.43503,3.4363
hard L/T=1.0,Some-Overshoot,delay,1.40,0.74640,0.48201,0.77055,1,1.3200,12.4400,14.787,2.81605,3.5918
hard L/T=1.0,Some-Overshoot,delay,1.70,0.74640,0.48201,0.77055,1,1.3100,13.0900,19.611,3.10008,3.7546
hard L/T=1.0,Some-Overshoot,delay,2.00,0.74640,0.48201,0.77055,1,1.3100,15.8500,23.275,3.69191,4.0738
hard L/T=1.0,No-Overshoot,gain,0.50,0.45237,0.29213,0.46700,1,13.3500,24.7300,0.000,6.82603,1.6408
hard L/T=1.0,No-Overshoot,gain,0.70,0.45237,0.29213,0.46700,1,8.8300,16.6000,0.000,4.88003,1.1558
hard L/T=1.0,No-Overshoot,gain,1.00,0.45237,0.29213,0.46700,1,5.4700,10.0000,0.044,3.41848,0.8907
hard L/T=1.0,No-Overshoot,gain,1.40,0.45237,0.29213,0.46700,1,3.1500,9.2500,2.435,2.62457,1.2649
hard L/T=1.0,No-Overshoot,gain,1.70,0.45237,0.29213,0.46700,1,2.7200,11.3700,8.412,2.43129,2.3485
hard L/T=1.0,No-Overshoot,gain,2.00,0.45237,0.29213,0.46700,1,2.5700,29.9700,19.366,3.23663,6.7240
hard L/T=1.0,No-Overshoot,tau,0.50,0.45237,0.29213,0.46700,1,4.8700,13.5200,0.353,3.43296,2.8839
hard L/T=1.0,No-Overshoot,tau,0.70,0.45237,0.29213,0.46700,1,6.0900,11.5800,0.000,3.41320,1.2698
hard L/T=1.0,No-Overshoot,tau,1.00,0.45237,0.29213,0.46700,1,5.4700,10.0000,0.044,3.41848,0.8907
hard L/T=1.0,No-Overshoot,tau,1.40,0.45237,0.29213,0.46700,1,5.2300,8.6200,1.125,3.55245,0.7781
hard L/T=1.0,No-Overshoot,tau,1.70,0.45237,0.29213,0.46700,1,5.1600,14.1300,2.650,3.75090,0.7717
hard L/T=1.0,No-Overshoot,tau,2.00,0.45237,0.29213,0.46700,1,5.1600,16.0200,4.414,3.99536,0.7980
hard L/T=1.0,No-Overshoot,delay,0.50,0.45237,0.29213,0.46700,1,6.6200,11.9700,0.000,3.41319,0.8703
hard L/T=1.0,No-Overshoot,delay,0.70,0.45237,0.29213,0.46700,1,6.1800,11.2000,0.000,3.41320,0.8776
hard L/T=1.0,No-Overshoot,delay,1.00,0.45237,0.29213,0.46700,1,5.4700,10.0000,0.044,3.41848,0.8907
hard L/T=1.0,No-Overshoot,delay,1.40,0.45237,0.29213,0.46700,1,4.5200,8.4500,0.732,3.49376,0.9345
hard L/T=1.0,No-Overshoot,delay,1.70,0.45237,0.29213,0.46700,1,4.2100,11.3300,2.150,3.62791,0.9939
hard L/T=1.0,No-Overshoot,delay,2.00,0.45237,0.29213,0.46700,1,3.8500,13.4500,4.128,3.86865,1.0772
hard L/T=1.0,AMIGO-freq,gain,0.50,0.36189,0.25402,0.11208,1,15.6800,29.0000,0.000,7.83115,1.6411
hard L/T=1.0,AMIGO-freq,gain,0.70,0.36189,0.25402,0.11208,1,10.6200,20.1300,0.000,5.61187,1.0903
hard L/T=1.0,AMIGO-freq,gain,1.00,0.36189,0.25402,0.11208,1,6.7500,13.3900,0.000,3.92664,0.6880
hard L/T=1.0,AMIGO-freq,gain,1.40,0.36189,0.25402,0.11208,1,4.0500,8.6800,0.000,2.80194,0.4420
hard L/T=1.0,AMIGO-freq,gain,1.70,0.36189,0.25402,0.11208,1,2.8500,6.3500,0.000,2.30575,0.3818
hard L/T=1.0,AMIGO-freq,gain,2.00,0.36189,0.25402,0.11208,1,1.9100,4.6300,0.051,1.96172,0.4168
hard L/T=1.0,AMIGO-freq,tau,0.50,0.36189,0.25402,0.11208,1,7.6600,15.2400,0.000,3.92650,0.7766
hard L/T=1.0,AMIGO-freq,tau,0.70,0.36189,0.25402,0.11208,1,7.3100,14.5700,0.000,3.92658,0.7263
hard L/T=1.0,AMIGO-freq,tau,1.00,0.36189,0.25402,0.11208,1,6.7500,13.3900,0.000,3.92664,0.6880
hard L/T=1.0,AMIGO-freq,tau,1.40,0.36189,0.25402,0.11208,1,6.1100,11.3200,0.000,3.92667,0.6639
hard L/T=1.0,AMIGO-freq,tau,1.70,0.36189,0.25402,0.11208,1,5.8600,9.9100,0.462,3.98411,0.6713
hard L/T=1.0,AMIGO-freq,tau,2.00,0.36189,0.25402,0.11208,1,5.7600,9.1800,1.858,4.16816,0.7169
hard L/T=1.0,AMIGO-freq,delay,0.50,0.36189,0.25402,0.11208,1,8.0100,15.0300,0.000,3.92654,0.6879
hard L/T=1.0,AMIGO-freq,delay,0.70,0.36189,0.25402,0.11208,1,7.5200,14.4100,0.000,3.92659,0.6880
hard L/T=1.0,AMIGO-freq,delay,1.00,0.36189,0.25402,0.11208,1,6.7500,13.3900,0.000,3.92664,0.6880
hard L/T=1.0,AMIGO-freq,delay,1.40,0.36189,0.25402,0.11208,1,5.6200,11.8000,0.000,3.92667,0.6880
hard L/T=1.0,AMIGO-freq,delay,1.70,0.36189,0.25402,0.11208,1,4.6500,10.2200,0.000,3.92668,0.6880
hard L/T=1.0,AMIGO-freq,delay,2.00,0.36189,0.25402,0.11208,1,3.7500,7.9500,0.083,3.93340,0.6913
hard L/T=1.0,Cohen-Coon,gain,0.50,1.58333,0.87500,0.48718,1,3.6400,8.7600,0.000,2.44001,0.9501
hard L/T=1.0,Cohen-Coon,gain,0.70,1.58333,0.87500,0.48718,1,1.0000,6.3800,0.000,1.78268,1.7115
hard L/T=1.0,Cohen-Coon,gain,1.00,1.58333,0.87500,0.48718,1,0.5900,9.3000,27.998,2.01012,4.7314
hard L/T=1.0,Cohen-Coon,gain,1.40,1.58333,0.87500,0.48718,0,0.4000,40.0000,75.229,18.76212,79.5921
hard L/T=1.0,Cohen-Coon,gain,1.70,1.58333,0.87500,0.48718,0,0.3200,40.0000,111.654,31.24386,117.2820
hard L/T=1.0,Cohen-Coon,gain,2.00,1.58333,0.87500,0.48718,0,0.2700,40.0000,148.206,42.55947,129.3682
hard L/T=1.0,Cohen-Coon,tau,0.50,1.58333,0.87500,0.48718,0,0.3200,40.0000,70.273,22.75140,99.9774
hard L/T=1.0,Cohen-Coon,tau,0.70,1.58333,0.87500,0.48718,0,0.4300,40.0000,49.949,6.00307,25.5021
hard L/T=1.0,Cohen-Coon,tau,1.00,1.58333,0.87500,0.48718,1,0.5900,9.3000,27.998,2.01012,4.7314
hard L/T=1.0,Cohen-Coon,tau,1.40,1.58333,0.87500,0.48718,1,0.8100,5.8600,15.786,1.67326,2.0949
hard L/T=1.0,Cohen-Coon,tau,1.70,1.58333,0.87500,0.48718,1,0.9700,6.1300,12.767,1.83182,1.5238
hard L/T=1.0,Cohen-Coon,tau,2.00,1.58333,0.87500,0.48718,1,1.1500,6.8900,13.361,2.03140,1.4584
hard L/T=1.0,Cohen-Coon,delay,0.50,1.58333,0.87500,0.48718,1,1.5400,4.2600,0.000,1.13388,3.3394
hard L/T=1.0,Cohen-Coon,delay,0.70,1.58333,0.87500,0.48718,1,0.5900,4.6100,3.447,1.21666,3.6489
hard L/T=1.0,Cohen-Coon,delay,1.00,1.58333,0.87500,0.48718,1,0.5900,9.3000,27.998,2.01012,4.7314
hard L/T=1.0,Cohen-Coon,delay,1.40,1.58333,0.87500,0.48718,1,0.5900,32.8500,51.345,5.16775,10.5240
hard L/T=1.0,Cohen-Coon,delay,1.70,1.58333,0.87500,0.48718,0,0.5900,40.0000,64.633,16.42458,31.8121
hard L/T=1.0,Cohen-Coon,delay,2.00,1.58333,0.87500,0.48718,0,0.5900,40.0000,74.519,21.68523,34.1264
hard L/T=1.0,AMIGO-step,gain,0.50,0.65000,0.59583,0.25000,1,4.9000,9.1500,0.000,3.34692,1.4217
hard L/T=1.0,AMIGO-step,gain,0.70,0.65000,0.59583,0.25000,1,2.9300,5.2500,1.591,2.50707,0.9932
hard L/T=1.0,AMIGO-step,gain,1.00,0.65000,0.59583,0.25000,1,1.6100,7.4100,7.147,2.08731,0.9570
hard L/T=1.0,AMIGO-step,gain,1.40,0.65000,0.59583,0.25000,1,0.9100,6.0800,15.509,1.96702,1.2686
hard L/T=1.0,AMIGO-step,gain,1.70,0.65000,0.59583,0.25000,1,0.7400,5.5600,29.420,1.98781,1.5731
hard L/T=1.0,AMIGO-step,gain,2.00,0.65000,0.59583,0.25000,1,0.6300,6.8700,44.018,2.01087,2.0489
hard L/T=1.0,AMIGO-step,tau,0.50,0.65000,0.59583,0.25000,1,0.9200,3.9800,0.660,1.68528,1.5876
hard L/T=1.0,AMIGO-step,tau,0.70,0.65000,0.59583,0.25000,1,1.3200,5.1500,2.282,1.77482,1.1206
hard L/T=1.0,AMIGO-step,tau,1.00,0.65000,0.59583,0.25000,1,1.6100,7.4100,7.147,2.08731,0.9570
hard L/T=1.0,AMIGO-step,tau,1.40,0.65000,0.59583,0.25000,1,1.9000,8.6000,13.556,2.56662,1.0845
hard L/T=1.0,AMIGO-step,tau,1.70,0.65000,0.59583,0.25000,1,2.0700,12.6600,17.438,2.92814,1.2510
hard L/T=1.0,AMIGO-step,tau,2.00,0.65000,0.59583,0.25000,1,2.2400,14.5900,20.717,3.29007,1.4431
hard L/T=1.0,AMIGO-step,delay,0.50,0.65000,0.59583,0.25000,1,2.5800,4.3200,1.111,1.74376,0.6596
hard L/T=1.0,AMIGO-step,delay,0.70,0.65000,0.59583,0.25000,1,2.1900,6.7300,2.607,1.83625,0.7353
hard L/T=1.0,AMIGO-step,delay,1.00,0.65000,0.59583,0.25000,1,1.6100,7.4100,7.147,2.08731,0.9570
hard L/T=1.0,AMIGO-step,delay,1.40,0.65000,0.59583,0.25000,1,1.2900,9.8900,21.912,2.83648,1.4618
hard L/T=1.0,AMIGO-step,delay,1.70,0.65000,0.59583,0.25000,1,1.2800,14.0800,39.603,3.82181,2.0700
hard L/T=1.0,AMIGO-step,delay,2.00,0.65000,0.59583,0.25000,1,1.2800,20.2800,57.542,5.46822,3.1220
hard L/T=1.0,IMC-lambda,gain,0.50,0.33333,0.22222,0.11111,1,18.3300,33.6600,0.000,8.90934,1.6602
hard L/T=1.0,IMC-lambda,gain,0.70,0.33333,0.22222,0.11111,1,12.5600,23.5500,0.000,6.41116,1.1153
hard L/T=1.0,IMC-lambda,gain,1.00,0.33333,0.22222,0.11111,1,8.1600,15.9200,0.000,4.48980,0.7111
hard L/T=1.0,IMC-lambda,gain,1.40,0.33333,0.22222,0.11111,1,5.1300,10.7000,0.000,3.20430,0.4607
hard L/T=1.0,IMC-lambda,gain,1.70,0.33333,0.22222,0.11111,1,3.7300,8.2500,0.000,2.63710,0.3755
hard L/T=1.0,IMC-lambda,gain,2.00,0.33333,0.22222,0.11111,1,2.7900,6.3500,0.000,2.24003,0.3683
hard L/T=1.0,IMC-lambda,tau,0.50,0.33333,0.22222,0.11111,1,9.0500,17.6600,0.000,4.48926,0.7899
hard L/T=1.0,IMC-lambda,tau,0.70,0.33333,0.22222,0.11111,1,8.7100,17.0200,0.000,4.48953,0.7453
hard L/T=1.0,IMC-lambda,tau,1.00,0.33333,0.22222,0.11111,1,8.1600,15.9200,0.000,4.48980,0.7111
hard L/T=1.0,IMC-lambda,tau,1.40,0.33333,0.22222,0.11111,1,7.4600,14.0800,0.000,4.48998,0.6896
hard L/T=1.0,IMC-lambda,tau,1.70,0.33333,0.22222,0.11111,1,7.0900,12.4700,0.034,4.49469,0.6822
hard L/T=1.0,IMC-lambda,tau,2.00,0.33333,0.22222,0.11111,1,6.8700,11.2500,0.674,4.58710,0.6996
hard L/T=1.0,IMC-lambda,delay,0.50,0.33333,0.22222,0.11111,1,9.3900,17.4900,0.000,4.48937,0.7110
hard L/T=1.0,IMC-lambda,delay,0.70,0.33333,0.22222,0.11111,1,8.9100,16.8900,0.000,4.48959,0.7110
hard L/T=1.0,IMC-lambda,delay,1.00,0.33333,0.22222,0.11111,1,8.1600,15.9200,0.000,4.48980,0.7111
hard L/T=1.0,IMC-lambda,delay,1.40,0.33333,0.22222,0.11111,1,7.0900,14.4700,0.000,4.48995,0.7111
hard L/T=1.0,IMC-lambda,delay,1.70,0.33333,0.22222,0.11111,1,6.2000,13.1900,0.000,4.48999,0.7112
hard L/T=1.0,IMC-lambda,delay,2.00,0.33333,0.22222,0.11111,1,5.2000,11.5700,0.000,4.49002,0.7112
slow L/T=0.1,Ziegler-Nichols,gain,0.50,9.81033,5.09627,4.72123,1,21.9500,40.1000,0.000,10.97502,0.0000
slow L/T=0.1,Ziegler-Nichols,gain,0.70,9.81033,5.09627,4.72123,1,9.5500,17.0000,3.468,6.10215,0.9904
slow L/T=0.1,Ziegler-Nichols,gain,1.00,9.81033,5.09627,4.72123,1,5.4500,11.2500,6.443,4.22199,1.5188
slow L/T=0.1,Ziegler-Nichols,gain,1.40,9.81033,5.09627,4.72123,1,3.5000,10.8000,9.136,3.28399,6.1285
slow L/T=0.1,Ziegler-Nichols,gain,1.70,9.81033,5.09627,4.72123,1,2.8000,150.0000,11.795,14.27282,321.4597
slow L/T=0.1,Ziegler-Nichols,gain,2.00,9.81033,5.09627,4.72123,1,2.2500,150.0000,18.870,18.50616,395.2109
slow L/T=0.1,Ziegler-Nichols,tau,0.50,9.81033,5.09627,4.72123,1,2.7000,150.0000,11.982,13.03068,269.3117
slow L/T=0.1,Ziegler-Nichols,tau,0.70,9.81033,5.09627,4.72123,1,3.8000,9.8500,6.644,3.33927,5.4082
slow L/T=0.1,Ziegler-Nichols,tau,1.00,9.81033,5.09627,4.72123,1,5.4500,11.2500,6.443,4.22199,1.5188
slow L/T=0.1,Ziegler-Nichols,tau,1.40,9.81033,5.09627,4.72123,1,7.6500,14.8000,6.311,5.52347,1.8276
slow L/T=0.1,Ziegler-Nichols,tau,1.70,9.81033,5.09627,4.72123,1,9.3000,17.4000,6.174,6.49218,2.0417
slow L/T=0.1,Ziegler-Nichols,tau,2.00,9.81033,5.09627,4.72123,1,10.9500,23.7500,6.017,7.45545,2.2282
slow L/T=0.1,Ziegler-Nichols,delay,0.50,9.81033,5.09627,4.72123,1,5.4500,11.5500,4.698,3.71711,1.2868
slow L/T=0.1,Ziegler-Nichols,delay,0.70,9.81033,5.09627,4.72123,1,5.4500,11.5000,4.958,3.91668,1.3357
slow L/T=0.1,Ziegler-Nichols,delay,1.00,9.81033,5.09627,4.72123,1,5.4500,11.2500,6.443,4.22199,1.5188
slow L/T=0.1,Ziegler-Nichols,delay,1.40,9.81033,5.09627,4.72123,1,5.4500,16.4000,9.872,4.88652,5.1370
slow L/T=0.1,Ziegler-Nichols,delay,1.70,9.81033,5.09627,4.72123,1,5.4500,150.0000,12.400,15.33860,94.0932
slow L/T=0.1,Ziegler-Nichols,delay,2.00,9.81033,5.09627,4.72123,1,5.4500,149.9000,14.864,21.69423,92.9863
slow L/T=0.1,Tyreus-Luyben,gain,0.50,7.35775,0.86868,4.49641,1,21.9500,40.1000,0.000,10.97502,0.0001
slow L/T=0.1,Tyreus-Luyben,gain,0.70,7.35775,0.86868,4.49641,1,13.1500,26.3500,0.000,7.15909,0.5724
slow L/T=0.1,Tyreus-Luyben,gain,1.00,7.35775,0.86868,4.49641,1,9.9000,23.3000,0.000,5.46039,1.0460
slow L/T=0.1,Tyreus-Luyben,gain,1.40,7.35775,0.86868,4.49641,1,7.7000,20.7500,0.000,4.36960,3.4260
slow L/T=0.1,Tyreus-Luyben,gain,1.70,7.35775,0.86868,4.49641,1,4.9000,45.2500,2.134,4.75383,45.5492
slow L/T=0.1,Tyreus-Luyben,gain,2.00,7.35775,0.86868,4.49641,1,4.3000,150.0000,7.984,18.34086,391.0241
slow L/T=0.1,Tyreus-Luyben,tau,0.50,7.35775,0.86868,4.49641,1,4.7000,150.0000,5.445,13.65652,271.1237
slow L/T=0.1,Tyreus-Luyben,tau,0.70,7.35775,0.86868,4.49641,1,8.5000,22.9500,0.000,4.71671,3.1993
slow L/T=0.1,Tyreus-Luyben,tau,1.00,7.35775,0.86868,4.49641,1,9.9000,23.3000,0.000,5.46039,1.0460
slow L/T=0.1,Tyreus-Luyben,tau,1.40,7.35775,0.86868,4.49641,1,10.9500,22.8500,0.000,6.38969,1.0008
slow L/T=0.1,Tyreus-Luyben,tau,1.70,7.35775,0.86868,4.49641,1,11.8500,22.1500,0.000,7.06384,1.0007
slow L/T=0.1,Tyreus-Luyben,tau,2.00,7.35775,0.86868,4.49641,1,12.8500,21.6500,0.012,7.74398,1.0017
slow L/T=0.1,Tyreus-Luyben,delay,0.50,7.35775,0.86868,4.49641,1,9.0000,21.3000,0.000,4.79111,1.0013
slow L/T=0.1,Tyreus-Luyben,delay,0.70,7.35775,0.86868,4.49641,1,9.3500,22.1500,0.000,5.06113,1.0013
slow L/T=0.1,Tyreus-Luyben,delay,1.00,7.35775,0.86868,4.49641,1,9.9000,23.3000,0.000,5.46039,1.0460
slow L/T=0.1,Tyreus-Luyben,delay,1.40,7.35775,0.86868,4.49641,1,10.8000,24.6000,0.000,5.98204,1.5982
slow L/T=0.1,Tyreus-Luyben,delay,1.70,7.35775,0.86868,4.49641,1,10.3000,25.7000,0.000,6.36538,2.5152
slow L/T=0.1,Tyreus-Luyben,delay,2.00,7.35775,0.86868,4.49641,1,10.5000,25.3000,0.002,6.68994,4.6079
slow L/T=0.1,Pessen-Integral,gain,0.50,11.44539,7.43206,6.60972,1,21.9500,40.1000,0.000,10.97502,0.0000
slow L/T=0.1,Pessen-Integral,gain,0.70,11.44539,7.43206,6.60972,1,9.5500,16.7000,4.061,6.11321,1.2136
slow L/T=0.1,Pessen-Integral,gain,1.00,11.44539,7.43206,6.60972,1,5.4500,10.8000,8.661,4.25291,2.7251
slow L/T=0.1,Pessen-Integral,gain,1.40,11.44539,7.43206,6.60972,1,3.5000,150.0000,13.566,11.66750,305.8047
slow L/T=0.1,Pessen-Integral,gain,1.70,11.44539,7.43206,6.60972,1,2.8000,150.0000,16.729,15.53967,397.5418
slow L/T=0.1,Pessen-Integral,gain,2.00,11.44539,7.43206,6.60972,1,2.2500,150.0000,19.478,19.89641,446.9805
slow L/T=0.1,Pessen-Integral,tau,0.50,11.44539,7.43206,6.60972,1,2.7000,150.0000,12.805,14.47278,328.2639
slow L/T=0.1,Pessen-Integral,tau,0.70,11.44539,7.43206,6.60972,1,3.8000,150.0000,10.538,9.95906,242.8247
slow L/T=0.1,Pessen-Integral,tau,1.00,11.44539,7.43206,6.60972,1,5.4500,10.8000,8.661,4.25291,2.7251
slow L/T=0.1,Pessen-Integral,tau,1.40,11.44539,7.43206,6.60972,1,7.6500,17.2000,7.316,5.54054,2.2427
slow L/T=0.1,Pessen-Integral,tau,1.70,11.44539,7.43206,6.60972,1,9.3000,20.4000,6.722,6.50203,2.5723
slow L/T=0.1,Pessen-Integral,tau,2.00,11.44539,7.43206,6.60972,1,10.9500,23.3000,6.289,7.45968,2.8510
slow L/T=0.1,Pessen-Integral,delay,0.50,11.44539,7.43206,6.60972,1,5.4500,11.2000,5.920,3.74106,1.4943
slow L/T=0.1,Pessen-Integral,delay,0.70,11.44539,7.43206,6.60972,1,5.4500,11.1500,6.146,3.94659,1.6887
slow L/T=0.1,Pessen-Integral,delay,1.00,11.44539,7.43206,6.60972,1,5.4500,10.8000,8.661,4.25291,2.7251
slow L/T=0.1,Pessen-Integral,delay,1.40,11.44539,7.43206,6.60972,1,5.4500,65.9000,12.098,6.65427,35.5898
slow L/T=0.1,Pessen-Integral,delay,1.70,11.44539,7.43206,6.60972,1,5.4500,150.0000,14.600,16.37052,106.4706
slow L/T=0.1,Pessen-Integral,delay,2.00,11.44539,7.43206,6.60972,1,5.4500,150.0000,17.027,28.02159,112.0866
slow L/T=0.1,Some-Overshoot,gain,0.50,5.39568,2.80295,6.92447,1,21.9500,40.1000,0.000,10.97502,0.0000
slow L/T=0.1,Some-Overshoot,gain,0.70,5.39568,2.80295,6.92447,1,9.5500,20.5500,6.011,6.41903,1.0956
slow L/T=0.1,Some-Overshoot,gain,1.00,5.39568,2.80295,6.92447,1,5.4500,20.8000,12.220,4.81916,1.7661
slow L/T=0.1,Some-Overshoot,gain,1.40,5.39568,2.80295,6.92447,1,3.5000,17.9000,18.094,4.81463,39.5104
slow L/T=0.1,Some-Overshoot,gain,1.70,5.39568,2.80295,6.92447,1,2.8000,149.9000,22.396,14.79169,370.0204
slow L/T=0.1,Some-Overshoot,gain,2.00,5.39568,2.80295,6.92447,1,2.2500,150.0000,27.343,21.77352,444.4343
slow L/T=0.1,Some-Overshoot,tau,0.50,5.39568,2.80295,6.92447,1,2.7000,150.0000,17.939,15.79134,302.4608
slow L/T=0.1,Some-Overshoot,tau,0.70,5.39568,2.80295,6.92447,1,3.8000,150.0000,14.316,6.67253,122.5852
slow L/T=0.1,Some-Overshoot,tau,1.00,5.39568,2.80295,6.92447,1,5.4500,20.8000,12.220,4.81916,1.7661
slow L/T=0.1,Some-Overshoot,tau,1.40,5.39568,2.80295,6.92447,1,7.6500,25.2000,10.894,6.11962,2.0654
slow L/T=0.1,Some-Overshoot,tau,1.70,5.39568,2.80295,6.92447,1,9.3000,28.4000,10.182,7.10063,2.2797
slow L/T=0.1,Some-Overshoot,tau,2.00,5.39568,2.80295,6.92447,1,10.9500,31.5500,9.606,8.08151,2.4801
slow L/T=0.1,Some-Overshoot,delay,0.50,5.39568,2.80295,6.92447,1,5.4500,20.3500,11.151,4.25647,1.5760
slow L/T=0.1,Some-Overshoot,delay,0.70,5.39568,2.80295,6.92447,1,5.4500,20.6000,11.512,4.47762,1.6382
slow L/T=0.1,Some-Overshoot,delay,1.00,5.39568,2.80295,6.92447,1,5.4500,20.8000,12.220,4.81916,1.7661
slow L/T=0.1,Some-Overshoot,delay,1.40,5.39568,2.80295,6.92447,1,5.4500,20.9000,13.276,5.29935,2.0259
slow L/T=0.1,Some-Overshoot,delay,1.70,5.39568,2.80295,6.92447,1,5.4500,20.8500,15.194,5.69065,2.1702
slow L/T=0.1,Some-Overshoot,delay,2.00,5.39568,2.80295,6.92447,1,5.4500,25.8000,17.419,6.15680,2.9800
slow L/T=0.1,No-Overshoot,gain,0.50,3.27011,1.69876,4.19665,1,21.9500,40.1000,0.000,10.97502,0.0000
slow L/T=0.1,No-Overshoot,gain,0.70,3.27011,1.69876,4.19665,1,9.5500,30.4500,7.879,6.73227,1.1858
slow L/T=0.1,No-Overshoot,gain,1.00,3.27011,1.69876,4.19665,1,5.4500,24.1500,16.303,5.37206,1.9740
slow L/T=0.1,No-Overshoot,gain,1.40,3.27011,1.69876,4.19665,1,3.5000,20.2500,24.146,4.68149,2.3543
slow L/T=0.1,No-Overshoot,gain,1.70,3.27011,1.69876,4.19665,1,2.8000,18.6000,28.829,4.41979,2.4767
slow L/T=0.1,No-Overshoot,gain,2.00,3.27011,1.69876,4.19665,1,2.2500,17.4500,32.703,4.24201,2.6538
slow L/T=0.1,No-Overshoot,tau,0.50,3.27011,1.69876,4.19665,1,2.7000,17.6000,21.522,3.71749,1.5206
slow L/T=0.1,No-Overshoot,tau,0.70,3.27011,1.69876,4.19665,1,3.8000,20.2500,18.653,4.34831,1.6777
slow L/T=0.1,No-Overshoot,tau,1.00,3.27011,1.69876,4.19665,1,5.4500,24.1500,16.303,5.37206,1.9740
slow L/T=0.1,No-Overshoot,tau,1.40,3.27011,1.69876,4.19665,1,7.6500,36.5500,14.500,6.77352,2.3363
slow L/T=0.1,No-Overshoot,tau,1.70,3.27011,1.69876,4.19665,1,9.3000,41.4500,13.514,7.81946,2.5786
slow L/T=0.1,No-Overshoot,tau,2.00,3.27011,1.69876,4.19665,1,10.9500,46.0000,12.720,8.85884,2.8013
slow L/T=0.1,No-Overshoot,delay,0.50,3.27011,1.69876,4.19665,1,5.4500,23.9500,14.848,4.71006,1.7107
slow L/T=0.1,No-Overshoot,delay,0.70,3.27011,1.69876,4.19665,1,5.4500,24.0500,15.381,4.96489,1.8003
slow L/T=0.1,No-Overshoot,delay,1.00,3.27011,1.69876,4.19665,1,5.4500,24.1500,16.303,5.37206,1.9740
slow L/T=0.1,No-Overshoot,delay,1.40,3.27011,1.69876,4.19665,1,5.4500,30.9500,17.797,5.98921,2.3314
slow L/T=0.1,No-Overshoot,delay,1.70,3.27011,1.69876,4.19665,1,5.4500,31.5500,19.315,6.55782,2.7855
slow L/T=0.1,No-Overshoot,delay,2.00,3.27011,1.69876,4.19665,1,5.4500,38.8500,21.156,7.32748,3.5799
slow L/T=0.1,AMIGO-freq,gain,0.50,2.61609,1.47718,1.00720,1,21.9500,40.1000,0.000,10.97502,0.0000
slow L/T=0.1,AMIGO-freq,gain,0.70,2.61609,1.47718,1.00720,1,9.5500,30.3000,8.154,6.77908,1.3225
slow L/T=0.1,AMIGO-freq,gain,1.00,2.61609,1.47718,1.00720,1,5.4500,29.0500,16.719,5.40915,2.3145
slow L/T=0.1,AMIGO-freq,gain,1.40,2.61609,1.47718,1.00720,1,3.5000,23.6000,24.466,4.62415,2.8880
slow L/T=0.1,AMIGO-freq,gain,1.70,2.61609,1.47718,1.00720,1,2.8000,20.8000,28.595,4.23808,3.0732
slow L/T=0.1,AMIGO-freq,gain,2.00,2.61609,1.47718,1.00720,1,2.2500,18.6500,31.735,3.92415,3.1548
slow L/T=0.1,AMIGO-freq,tau,0.50,2.61609,1.47718,1.00720,1,2.7000,14.3000,18.517,3.31855,1.6300
slow L/T=0.1,AMIGO-freq,tau,0.70,2.61609,1.47718,1.00720,1,3.8000,18.1000,18.015,4.19132,1.9371
slow L/T=0.1,AMIGO-freq,tau,1.00,2.61609,1.47718,1.00720,1,5.4500,29.0500,16.719,5.40915,2.3145
slow L/T=0.1,AMIGO-freq,tau,1.40,2.61609,1.47718,1.00720,1,7.6500,36.8000,15.222,6.95207,2.7339
slow L/T=0.1,AMIGO-freq,tau,1.70,2.61609,1.47718,1.00720,1,9.3000,41.9500,14.318,8.07463,3.0090
slow L/T=0.1,AMIGO-freq,tau,2.00,2.61609,1.47718,1.00720,1,10.9500,46.7500,13.560,9.17674,3.2597
slow L/T=0.1,AMIGO-freq,delay,0.50,2.61609,1.47718,1.00720,1,5.4500,22.6500,14.498,4.61254,1.7928
slow L/T=0.1,AMIGO-freq,delay,0.70,2.61609,1.47718,1.00720,1,5.4500,22.8000,15.305,4.90286,1.9527
slow L/T=0.1,AMIGO-freq,delay,1.00,2.61609,1.47718,1.00720,1,5.4500,29.0500,16.719,5.40915,2.3145
slow L/T=0.1,AMIGO-freq,delay,1.40,2.61609,1.47718,1.00720,1,5.4500,36.7500,18.981,6.36544,3.2794
slow L/T=0.1,AMIGO-freq,delay,1.70,2.61609,1.47718,1.00720,1,5.4500,51.9000,20.885,7.67723,5.0166
slow L/T=0.1,AMIGO-freq,delay,2.00,2.61609,1.47718,1.00720,1,5.4500,105.4000,22.872,11.23000,10.5802
slow L/T=0.1,Cohen-Coon,gain,0.50,13.58333,5.75000,4.85119,1,21.9500,40.1000,0.000,10.97502,0.0000
slow L/T=0.1,Cohen-Coon,gain,0.70,13.58333,5.75000,4.85119,1,9.5500,13.0000,1.112,5.99250,0.6884
slow L/T=0.1,Cohen-Coon,gain,1.00,13.58333,5.75000,4.85119,1,5.4500,7.7500,0.955,4.09357,2.6834
slow L/T=0.1,Cohen-Coon,gain,1.40,13.58333,5.75000,4.85119,1,3.5000,150.0000,9.050,12.51117,285.8795
slow L/T=0.1,Cohen-Coon,gain,1.70,13.58333,5.75000,4.85119,1,2.8000,150.0000,10.748,17.02445,360.3854
slow L/T=0.1,Cohen-Coon,gain,2.00,13.58333,5.75000,4.85119,1,2.2500,150.0000,8.467,22.74253,402.3101
slow L/T=0.1,Cohen-Coon,tau,0.50,13.58333,5.75000,4.85119,1,2.7000,150.0000,6.476,16.07397,298.3759
slow L/T=0.1,Cohen-Coon,tau,0.70,13.58333,5.75000,4.85119,1,3.8000,150.0000,6.864,10.64701,228.2687
slow L/T=0.1,Cohen-Coon,tau,1.00,13.58333,5.75000,4.85119,1,5.4500,7.7500,0.955,4.09357,2.6834
slow L/T=0.1,Cohen-Coon,tau,1.40,13.58333,5.75000,4.85119,1,7.6500,12.3500,2.253,5.32500,1.2778
slow L/T=0.1,Cohen-Coon,tau,1.70,13.58333,5.75000,4.85119,1,9.3000,15.5500,2.859,6.28227,1.3846
slow L/T=0.1,Cohen-Coon,tau,2.00,13.58333,5.75000,4.85119,1,10.9500,18.3000,3.223,7.23570,1.5210
slow L/T=0.1,Cohen-Coon,delay,0.50,13.58333,5.75000,4.85119,1,5.4500,7.7500,0.793,3.59859,1.0423
slow L/T=0.1,Cohen-Coon,delay,0.70,13.58333,5.75000,4.85119,1,5.4500,7.7500,0.616,3.78069,1.0721
slow L/T=0.1,Cohen-Coon,delay,1.00,13.58333,5.75000,4.85119,1,5.4500,7.7500,0.955,4.09357,2.6834
slow L/T=0.1,Cohen-Coon,delay,1.40,13.58333,5.75000,4.85119,1,5.4500,150.0000,8.569,12.53099,128.3041
slow L/T=0.1,Cohen-Coon,delay,1.70,13.58333,5.75000,4.85119,1,5.4500,149.7500,8.827,16.70383,117.7949
slow L/T=0.1,Cohen-Coon,delay,2.00,13.58333,5.75000,4.85119,1,5.4500,150.0000,10.552,22.86695,112.3077
slow L/T=0.1,AMIGO-step,gain,0.50,4.70000,1.11905,2.28155,1,21.9500,40.1000,0.000,10.97502,0.0000
slow L/T=0.1,AMIGO-step,gain,0.70,4.70000,1.11905,2.28155,1,9.6000,21.5000,2.969,6.22352,0.6490
slow L/T=0.1,AMIGO-step,gain,1.00,4.70000,1.11905,2.28155,1,5.6500,15.7000,3.598,4.34436,1.0743
slow L/T=0.1,AMIGO-step,gain,1.40,4.70000,1.11905,2.28155,1,3.7500,11.6000,2.918,3.26939,1.3331
slow L/T=0.1,AMIGO-step,gain,1.70,4.70000,1.11905,2.28155,1,3.0000,9.1000,2.315,2.81627,1.4450
slow L/T=0.1,AMIGO-step,gain,2.00,4.70000,1.11905,2.28155,1,2.4500,7.1500,2.058,2.50848,1.8426
slow L/T=0.1,AMIGO-step,tau,0.50,4.70000,1.11905,2.28155,1,3.5000,8.4500,0.000,2.82116,1.2625
slow L/T=0.1,AMIGO-step,tau,0.70,4.70000,1.11905,2.28155,1,4.2500,7.4000,0.752,3.30416,1.0083
slow L/T=0.1,AMIGO-step,tau,1.00,4.70000,1.11905,2.28155,1,5.6500,15.7000,3.598,4.34436,1.0743
slow L/T=0.1,AMIGO-step,tau,1.40,4.70000,1.11905,2.28155,1,7.7000,20.8500,6.046,5.77794,1.2004
slow L/T=0.1,AMIGO-step,tau,1.70,4.70000,1.11905,2.28155,1,9.3000,24.0500,7.027,6.84228,1.2989
slow L/T=0.1,AMIGO-step,tau,2.00,4.70000,1.11905,2.28155,1,10.9500,27.1000,7.580,7.89127,1.3934
slow L/T=0.1,AMIGO-step,delay,0.50,4.70000,1.11905,2.28155,1,5.8000,16.6000,3.875,3.92590,1.0667
slow L/T=0.1,AMIGO-step,delay,0.70,4.70000,1.11905,2.28155,1,5.7500,16.2500,3.763,4.09424,1.0692
slow L/T=0.1,AMIGO-step,delay,1.00,4.70000,1.11905,2.28155,1,5.6500,15.7000,3.598,4.34436,1.0743
slow L/T=0.1,AMIGO-step,delay,1.40,4.70000,1.11905,2.28155,1,5.5500,14.7500,3.431,4.67589,1.0868
slow L/T=0.1,AMIGO-step,delay,1.70,4.70000,1.11905,2.28155,1,5.5000,13.8000,3.766,4.93557,1.1255
slow L/T=0.1,AMIGO-step,delay,2.00,4.70000,1.11905,2.28155,1,5.4500,13.4000,5.210,5.25561,1.3754
slow L/T=0.1,IMC-lambda,gain,0.50,1.90909,0.18182,0.90909,1,22.0500,40.4000,0.000,11.02791,0.0908
slow L/T=0.1,IMC-lambda,gain,0.70,1.90909,0.18182,0.90909,1,15.1000,27.5000,0.006,7.88142,0.6536
slow L/T=0.1,IMC-lambda,gain,1.00,1.90909,0.18182,0.90909,1,10.0500,18.0000,0.170,5.58661,1.0824
slow L/T=0.1,IMC-lambda,gain,1.40,1.90909,0.18182,0.90909,1,6.7500,12.0000,0.583,4.15122,1.3683
slow L/T=0.1,IMC-lambda,gain,1.70,1.90909,0.18182,0.90909,1,5.3000,9.5500,0.906,3.54969,1.4944
slow L/T=0.1,IMC-lambda,gain,2.00,1.90909,0.18182,0.90909,1,4.3000,7.9000,1.202,3.14074,1.5828
slow L/T=0.1,IMC-lambda,tau,0.50,1.90909,0.18182,0.90909,1,11.8000,34.4000,0.000,5.51851,1.2250
slow L/T=0.1,IMC-lambda,tau,0.70,1.90909,0.18182,0.90909,1,10.0000,28.7500,0.000,5.51855,1.1204
slow L/T=0.1,IMC-lambda,tau,1.00,1.90909,0.18182,0.90909,1,10.0500,18.0000,0.170,5.58661,1.0824
slow L/T=0.1,IMC-lambda,tau,1.40,1.90909,0.18182,0.90909,1,11.1000,39.9500,3.967,7.21390,1.0921
slow L/T=0.1,IMC-lambda,tau,1.70,1.90909,0.18182,0.90909,1,11.9500,47.7500,6.809,8.58501,1.1160
slow L/T=0.1,IMC-lambda,tau,2.00,1.90909,0.18182,0.90909,1,12.8000,52.9000,9.369,9.97241,1.1520
slow L/T=0.1,IMC-lambda,delay,0.50,1.90909,0.18182,0.90909,1,11.0500,19.2000,0.134,5.50686,1.0824
slow L/T=0.1,IMC-lambda,delay,0.70,1.90909,0.18182,0.90909,1,10.6500,18.6500,0.154,5.52948,1.0824
slow L/T=0.1,IMC-lambda,delay,1.00,1.90909,0.18182,0.90909,1,10.0500,18.0000,0.170,5.58661,1.0824
slow L/T=0.1,IMC-lambda,delay,1.40,1.90909,0.18182,0.90909,1,9.3000,17.2500,0.150,5.69925,1.0824
slow L/T=0.1,IMC-lambda,delay,1.70,1.90909,0.18182,0.90909,1,8.7500,16.8000,0.098,5.80397,1.0824
slow L/T=0.1,IMC-lambda,delay,2.00,1.90909,0.18182,0.90909,1,8.2000,16.3500,0.021,5.92610,1.0823
furnace L/T=0.2,Ziegler-Nichols,gain,0.50,1.70049,0.22851,3.16355,1,6.6000,57.9000,32.300,13.84986,2.2286
furnace L/T=0.2,Ziegler-Nichols,gain,0.70,1.70049,0.22851,3.16355,1,4.4000,47.3000,33.908,11.73684,2.3265
furnace L/T=0.2,Ziegler-Nichols,gain,1.00,1.70049,0.22851,3.16355,1,3.0000,36.9000,42.200,10.02157,2.7823
furnace L/T=0.2,Ziegler-Nichols,gain,1.40,1.70049,0.22851,3.16355,0,2.1000,84.7000,72.340,14.54388,13.1766
furnace L/T=0.2,Ziegler-Nichols,gain,1.70,1.70049,0.22851,3.16355,0,1.7000,400.0000,100.879,237.21129,285.7782
furnace L/T=0.2,Ziegler-Nichols,gain,2.00,1.70049,0.22851,3.16355,0,1.5000,400.0000,129.379,288.61019,299.0943
furnace L/T=0.2,Ziegler-Nichols,tau,0.50,1.70049,0.22851,3.16355,0,1.6000,400.0000,105.077,267.69402,306.9930
furnace L/T=0.2,Ziegler-Nichols,tau,0.70,1.70049,0.22851,3.16355,0,2.1000,93.7000,64.863,14.77098,14.2526
furnace L/T=0.2,Ziegler-Nichols,tau,1.00,1.70049,0.22851,3.16355,1,3.0000,36.9000,42.200,10.02157,2.7823
furnace L/T=0.2,Ziegler-Nichols,tau,1.40,1.70049,0.22851,3.16355,1,4.1000,46.8000,40.871,12.72910,2.7162
furnace L/T=0.2,Ziegler-Nichols,tau,1.70,1.70049,0.22851,3.16355,1,5.1000,68.2000,44.343,14.97097,3.0145
furnace L/T=0.2,Ziegler-Nichols,tau,2.00,1.70049,0.22851,3.16355,1,5.9000,77.0000,46.685,17.23840,3.3219
furnace L/T=0.2,Ziegler-Nichols,delay,0.50,1.70049,0.22851,3.16355,1,4.8000,29.3000,22.642,7.34689,2.8268
furnace L/T=0.2,Ziegler-Nichols,delay,0.70,1.70049,0.22851,3.16355,1,3.1000,27.9000,27.506,8.06873,2.7441
furnace L/T=0.2,Ziegler-Nichols,delay,1.00,1.70049,0.22851,3.16355,1,3.0000,36.9000,42.200,10.02157,2.7823
furnace L/T=0.2,Ziegler-Nichols,delay,1.40,1.70049,0.22851,3.16355,0,3.0000,78.2000,79.994,19.05097,6.9427
furnace L/T=0.2,Ziegler-Nichols,delay,1.70,1.70049,0.22851,3.16355,0,3.0000,400.0000,105.211,268.81413,111.2884
furnace L/T=0.2,Ziegler-Nichols,delay,2.00,1.70049,0.22851,3.16355,0,3.0000,400.0000,128.305,370.66771,106.7598
furnace L/T=0.2,Tyreus-Luyben,gain,0.50,1.27536,0.03895,3.01290,1,28.8000,86.3000,0.000,17.01529,0.9908
furnace L/T=0.2,Tyreus-Luyben,gain,0.70,1.27536,0.03895,3.01290,1,16.8000,55.5000,0.000,12.12531,1.3580
furnace L/T=0.2,Tyreus-Luyben,gain,1.00,1.27536,0.03895,3.01290,1,12.0000,27.8000,0.000,8.45787,2.5259
furnace L/T=0.2,Tyreus-Luyben,gain,1.40,1.27536,0.03895,3.01290,1,3.1000,51.9000,15.384,9.08113,7.1925
furnace L/T=0.2,Tyreus-Luyben,gain,1.70,1.27536,0.03895,3.01290,0,2.5000,400.0000,42.954,45.53304,60.3859
furnace L/T=0.2,Tyreus-Luyben,gain,2.00,1.27536,0.03895,3.01290,0,2.2000,400.0000,103.486,275.75277,313.5001
furnace L/T=0.2,Tyreus-Luyben,tau,0.50,1.27536,0.03895,3.01290,0,2.3000,400.0000,84.917,259.07914,320.4835
furnace L/T=0.2,Tyreus-Luyben,tau,0.70,1.27536,0.03895,3.01290,1,3.2000,66.6000,10.998,9.87622,7.6901
furnace L/T=0.2,Tyreus-Luyben,tau,1.00,1.27536,0.03895,3.01290,1,12.0000,27.8000,0.000,8.45787,2.5259
furnace L/T=0.2,Tyreus-Luyben,tau,1.40,1.27536,0.03895,3.01290,1,12.4000,23.2000,1.724,10.11059,1.4551
furnace L/T=0.2,Tyreus-Luyben,tau,1.70,1.27536,0.03895,3.01290,1,13.9000,69.5000,3.704,12.08829,1.3067
furnace L/T=0.2,Tyreus-Luyben,tau,2.00,1.27536,0.03895,3.01290,1,15.4000,85.2000,5.548,14.02085,1.2794
furnace L/T=0.2,Tyreus-Luyben,delay,0.50,1.27536,0.03895,3.01290,1,14.4000,32.8000,0.000,8.45787,1.7758
furnace L/T=0.2,Tyreus-Luyben,delay,0.70,1.27536,0.03895,3.01290,1,12.8000,30.4000,0.000,8.45787,2.0355
furnace L/T=0.2,Tyreus-Luyben,delay,1.00,1.27536,0.03895,3.01290,1,12.0000,27.8000,0.000,8.45787,2.5259
furnace L/T=0.2,Tyreus-Luyben,delay,1.40,1.27536,0.03895,3.01290,1,4.4000,39.7000,16.457,10.37956,3.4894
furnace L/T=0.2,Tyreus-Luyben,delay,1.70,1.27536,0.03895,3.01290,1,4.4000,68.0000,36.239,15.20507,4.9025
furnace L/T=0.2,Tyreus-Luyben,delay,2.00,1.27536,0.03895,3.01290,1,4.4000,127.4000,55.709,25.19279,7.6890
furnace L/T=0.2,Pessen-Integral,gain,0.50,1.98390,0.33325,4.42897,1,6.5000,67.6000,38.286,14.51776,2.4994
furnace L/T=0.2,Pessen-Integral,gain,0.70,1.98390,0.33325,4.42897,1,4.4000,53.7000,38.931,12.12134,2.4301
furnace L/T=0.2,Pessen-Integral,gain,1.00,1.98390,0.33325,4.42897,1,2.9000,38.8000,41.308,10.12533,4.2024
furnace L/T=0.2,Pessen-Integral,gain,1.40,1.98390,0.33325,4.42897,0,2.0000,400.0000,78.573,187.65880,294.4150
furnace L/T=0.2,Pessen-Integral,gain,1.70,1.98390,0.33325,4.42897,0,1.7000,400.0000,99.265,240.82243,312.7179
furnace L/T=0.2,Pessen-Integral,gain,2.00,1.98390,0.33325,4.42897,0,1.4000,400.0000,130.784,287.00477,328.0000
furnace L/T=0.2,Pessen-Integral,tau,0.50,1.98390,0.33325,4.42897,0,1.5000,400.0000,107.416,285.54011,336.0000
furnace L/T=0.2,Pessen-Integral,tau,0.70,1.98390,0.33325,4.42897,0,2.0000,400.0000,73.418,178.55922,289.3313
furnace L/T=0.2,Pessen-Integral,tau,1.00,1.98390,0.33325,4.42897,1,2.9000,38.8000,41.308,10.12533,4.2024
furnace L/T=0.2,Pessen-Integral,tau,1.40,1.98390,0.33325,4.42897,1,4.1000,55.6000,44.754,12.93861,2.8679
furnace L/T=0.2,Pessen-Integral,tau,1.70,1.98390,0.33325,4.42897,1,5.0000,62.8000,49.616,15.48543,3.4163
furnace L/T=0.2,Pessen-Integral,tau,2.00,1.98390,0.33325,4.42897,1,5.9000,84.9000,51.631,17.88671,3.9453
furnace L/T=0.2,Pessen-Integral,delay,0.50,1.98390,0.33325,4.42897,1,4.7000,39.1000,27.068,7.46366,4.0830
furnace L/T=0.2,Pessen-Integral,delay,0.70,1.98390,0.33325,4.42897,1,3.0000,39.0000,33.326,8.05653,4.0649
furnace L/T=0.2,Pessen-Integral,delay,1.00,1.98390,0.33325,4.42897,1,2.9000,38.8000,41.308,10.12533,4.2024
furnace L/T=0.2,Pessen-Integral,delay,1.40,1.98390,0.33325,4.42897,0,2.9000,227.5000,78.760,34.52819,20.2874
furnace L/T=0.2,Pessen-Integral,delay,1.70,1.98390,0.33325,4.42897,0,2.9000,400.0000,103.890,285.46263,125.4291
furnace L/T=0.2,Pessen-Integral,delay,2.00,1.98390,0.33325,4.42897,0,2.9000,400.0000,126.923,380.26447,108.1260
furnace L/T=0.2,Some-Overshoot,gain,0.50,0.93527,0.12568,4.63987,1,12.0000,91.1000,29.124,19.77043,1.9601
furnace L/T=0.2,Some-Overshoot,gain,0.70,0.93527,0.12568,4.63987,1,9.6000,79.4000,31.532,17.50004,2.2793
furnace L/T=0.2,Some-Overshoot,gain,1.00,0.93527,0.12568,4.63987,1,6.3000,69.4000,32.926,14.97524,3.7554
furnace L/T=0.2,Some-Overshoot,gain,1.40,0.93527,0.12568,4.63987,0,3.5000,400.0000,55.148,102.38431,185.8254
furnace L/T=0.2,Some-Overshoot,gain,1.70,0.93527,0.12568,4.63987,0,2.9000,400.0000,102.250,237.59153,327.2824
furnace L/T=0.2,Some-Overshoot,gain,2.00,0.93527,0.12568,4.63987,0,2.5000,400.0000,124.344,300.41858,336.2560
furnace L/T=0.2,Some-Overshoot,tau,0.50,0.93527,0.12568,4.63987,0,2.7000,400.0000,102.521,315.49428,341.8364
furnace L/T=0.2,Some-Overshoot,tau,0.70,0.93527,0.12568,4.63987,0,3.6000,400.0000,57.804,136.14094,249.6041
furnace L/T=0.2,Some-Overshoot,tau,1.00,0.93527,0.12568,4.63987,1,6.3000,69.4000,32.926,14.97524,3.7554
furnace L/T=0.2,Some-Overshoot,tau,1.40,0.93527,0.12568,4.63987,1,8.7000,102.6000,38.395,19.39079,2.5390
furnace L/T=0.2,Some-Overshoot,tau,1.70,0.93527,0.12568,4.63987,1,9.5000,113.1000,41.965,22.68528,2.5574
furnace L/T=0.2,Some-Overshoot,tau,2.00,0.93527,0.12568,4.63987,1,10.4000,121.8000,44.830,25.97837,2.7222
furnace L/T=0.2,Some-Overshoot,delay,0.50,0.93527,0.12568,4.63987,1,9.5000,70.7000,25.295,12.77475,2.6628
furnace L/T=0.2,Some-Overshoot,delay,0.70,0.93527,0.12568,4.63987,1,8.5000,70.4000,27.318,13.64077,3.1544
furnace L/T=0.2,Some-Overshoot,delay,1.00,0.93527,0.12568,4.63987,1,6.3000,69.4000,32.926,14.97524,3.7554
furnace L/T=0.2,Some-Overshoot,delay,1.40,0.93527,0.12568,4.63987,1,4.6000,86.9000,44.695,18.41876,4.2646
furnace L/T=0.2,Some-Overshoot,delay,1.70,0.93527,0.12568,4.63987,1,4.6000,88.9000,57.884,22.51526,4.5988
furnace L/T=0.2,Some-Overshoot,delay,2.00,0.93527,0.12568,4.63987,0,4.6000,99.7000,87.988,26.54017,4.9456
furnace L/T=0.2,No-Overshoot,gain,0.50,0.56683,0.07617,2.81204,1,17.5000,113.2000,23.653,23.21291,1.2179
furnace L/T=0.2,No-Overshoot,gain,0.70,0.56683,0.07617,2.81204,1,13.6000,97.8000,27.569,20.88337,1.1461
furnace L/T=0.2,No-Overshoot,gain,1.00,0.56683,0.07617,2.81204,1,10.5000,84.1000,30.637,18.47646,1.2809
furnace L/T=0.2,No-Overshoot,gain,1.40,0.56683,0.07617,2.81204,1,8.4000,73.8000,31.870,16.15629,1.6175
furnace L/T=0.2,No-Overshoot,gain,1.70,0.56683,0.07617,2.81204,1,5.9000,68.5000,34.001,14.76589,2.4970
furnace L/T=0.2,No-Overshoot,gain,2.00,0.56683,0.07617,2.81204,1,4.1000,89.3000,42.174,14.04525,5.5218
furnace L/T=0.2,No-Overshoot,tau,0.50,0.56683,0.07617,2.81204,1,10.1000,72.8000,25.963,12.40202,5.0918
furnace L/T=0.2,No-Overshoot,tau,0.70,0.56683,0.07617,2.81204,1,9.6000,72.9000,24.845,14.36528,1.5772
furnace L/T=0.2,No-Overshoot,tau,1.00,0.56683,0.07617,2.81204,1,10.5000,84.1000,30.637,18.47646,1.2809
furnace L/T=0.2,No-Overshoot,tau,1.40,0.56683,0.07617,2.81204,1,12.2000,127.5000,36.696,24.09253,1.4003
furnace L/T=0.2,No-Overshoot,tau,1.70,0.56683,0.07617,2.81204,1,13.4000,141.0000,40.203,28.33803,1.6310
furnace L/T=0.2,No-Overshoot,tau,2.00,0.56683,0.07617,2.81204,1,14.5000,183.4000,43.094,32.59097,1.9017
furnace L/T=0.2,No-Overshoot,delay,0.50,0.56683,0.07617,2.81204,1,12.4000,84.4000,23.595,15.50550,0.9693
furnace L/T=0.2,No-Overshoot,delay,0.70,0.56683,0.07617,2.81204,1,11.6000,84.5000,26.108,16.55652,1.1009
furnace L/T=0.2,No-Overshoot,delay,1.00,0.56683,0.07617,2.81204,1,10.5000,84.1000,30.637,18.47646,1.2809
furnace L/T=0.2,No-Overshoot,delay,1.40,0.56683,0.07617,2.81204,1,8.4000,108.9000,38.621,21.81955,1.5023
furnace L/T=0.2,No-Overshoot,delay,1.70,0.56683,0.07617,2.81204,1,7.3000,110.6000,46.268,25.74821,1.7797
furnace L/T=0.2,No-Overshoot,delay,2.00,0.56683,0.07617,2.81204,1,7.0000,137.2000,55.450,31.43914,2.1888
furnace L/T=0.2,AMIGO-freq,gain,0.50,0.45346,0.06624,0.67489,1,18.2000,112.4000,22.260,23.46294,1.1876
furnace L/T=0.2,AMIGO-freq,gain,0.70,0.45346,0.06624,0.67489,1,13.6000,94.5000,27.377,21.04376,1.0819
furnace L/T=0.2,AMIGO-freq,gain,1.00,0.45346,0.06624,0.67489,1,10.0000,77.6000,32.698,18.71854,1.0164
furnace L/T=0.2,AMIGO-freq,gain,1.40,0.45346,0.06624,0.67489,1,7.3000,81.4000,37.776,16.65744,1.0310
furnace L/T=0.2,AMIGO-freq,gain,1.70,0.45346,0.06624,0.67489,1,5.9000,72.9000,40.872,15.52702,1.0706
furnace L/T=0.2,AMIGO-freq,gain,2.00,0.45346,0.06624,0.67489,1,4.9000,65.6000,43.655,14.63024,1.0986
furnace L/T=0.2,AMIGO-freq,tau,0.50,0.45346,0.06624,0.67489,1,6.0000,34.8000,19.767,10.56023,0.7072
furnace L/T=0.2,AMIGO-freq,tau,0.70,0.45346,0.06624,0.67489,1,7.9000,62.3000,26.134,13.82431,0.7872
furnace L/T=0.2,AMIGO-freq,tau,1.00,0.45346,0.06624,0.67489,1,10.0000,77.6000,32.698,18.71854,1.0164
furnace L/T=0.2,AMIGO-freq,tau,1.40,0.45346,0.06624,0.67489,1,12.2000,124.8000,38.765,25.23409,1.4090
furnace L/T=0.2,AMIGO-freq,tau,1.70,0.45346,0.06624,0.67489,1,13.6000,140.1000,42.194,30.11640,1.7176
furnace L/T=0.2,AMIGO-freq,tau,2.00,0.45346,0.06624,0.67489,1,14.9000,189.3000,45.012,34.99050,2.0316
furnace L/T=0.2,AMIGO-freq,delay,0.50,0.45346,0.06624,0.67489,1,11.9000,77.7000,22.177,14.62227,0.6884
furnace L/T=0.2,AMIGO-freq,delay,0.70,0.45346,0.06624,0.67489,1,11.1000,78.0000,25.783,15.98811,0.7986
furnace L/T=0.2,AMIGO-freq,delay,1.00,0.45346,0.06624,0.67489,1,10.0000,77.6000,32.698,18.71854,1.0164
furnace L/T=0.2,AMIGO-freq,delay,1.40,0.45346,0.06624,0.67489,1,9.0000,103.8000,45.478,24.51628,1.4790
furnace L/T=0.2,AMIGO-freq,delay,1.70,0.45346,0.06624,0.67489,1,8.5000,154.7000,58.020,32.00963,2.0548
furnace L/T=0.2,AMIGO-freq,delay,2.00,0.45346,0.06624,0.67489,0,8.3000,216.6000,72.811,45.64282,3.0856
furnace L/T=0.2,Cohen-Coon,gain,0.50,2.30556,0.25347,3.23587,1,6.6000,33.5000,19.911,10.55002,1.6413
furnace L/T=0.2,Cohen-Coon,gain,0.70,2.30556,0.25347,3.23587,1,4.4000,27.3000,23.570,8.78597,1.8898
furnace L/T=0.2,Cohen-Coon,gain,1.00,2.30556,0.25347,3.23587,1,2.9000,43.8000,40.168,9.20389,5.6251
furnace L/T=0.2,Cohen-Coon,gain,1.40,2.30556,0.25347,3.23587,0,2.0000,400.0000,77.402,206.68650,270.5930
furnace L/T=0.2,Cohen-Coon,gain,1.70,2.30556,0.25347,3.23587,0,1.7000,400.0000,100.288,261.25099,284.0000
furnace L/T=0.2,Cohen-Coon,gain,2.00,2.30556,0.25347,3.23587,0,1.4000,400.0000,130.883,307.64496,296.0000
furnace L/T=0.2,Cohen-Coon,tau,0.50,2.30556,0.25347,3.23587,0,1.5000,400.0000,107.118,296.66301,304.0000
furnace L/T=0.2,Cohen-Coon,tau,0.70,2.30556,0.25347,3.23587,0,2.0000,400.0000,74.494,197.30725,268.6897
furnace L/T=0.2,Cohen-Coon,tau,1.00,2.30556,0.25347,3.23587,1,2.9000,43.8000,40.168,9.20389,5.6251
furnace L/T=0.2,Cohen-Coon,tau,1.40,2.30556,0.25347,3.23587,1,4.1000,25.9000,30.531,9.17544,2.2597
furnace L/T=0.2,Cohen-Coon,tau,1.70,2.30556,0.25347,3.23587,1,5.0000,40.5000,30.668,10.64719,2.2638
furnace L/T=0.2,Cohen-Coon,tau,2.00,2.30556,0.25347,3.23587,1,5.9000,48.3000,31.944,12.14068,2.4275
furnace L/T=0.2,Cohen-Coon,delay,0.50,2.30556,0.25347,3.23587,1,4.1000,28.4000,12.684,5.70193,2.2023
furnace L/T=0.2,Cohen-Coon,delay,0.70,2.30556,0.25347,3.23587,1,2.9000,26.3000,14.069,6.21185,2.5631
furnace L/T=0.2,Cohen-Coon,delay,1.00,2.30556,0.25347,3.23587,1,2.9000,43.8000,40.168,9.20389,5.6251
furnace L/T=0.2,Cohen-Coon,delay,1.40,2.30556,0.25347,3.23587,0,2.9000,400.0000,77.959,215.41803,151.4573
furnace L/T=0.2,Cohen-Coon,delay,1.70,2.30556,0.25347,3.23587,0,2.9000,400.0000,99.447,303.23041,137.2746
furnace L/T=0.2,Cohen-Coon,delay,2.00,2.30556,0.25347,3.23587,0,2.9000,400.0000,122.042,357.96070,120.0000
furnace L/T=0.2,AMIGO-step,gain,0.50,0.81667,0.06960,1.54088,1,16.5000,71.3000,12.390,16.86552,0.8000
furnace L/T=0.2,AMIGO-step,gain,0.70,0.81667,0.06960,1.54088,1,11.6000,58.5000,15.147,14.27715,0.9681
furnace L/T=0.2,AMIGO-step,gain,1.00,0.81667,0.06960,1.54088,1,7.6000,48.0000,17.692,11.99548,1.1144
furnace L/T=0.2,AMIGO-step,gain,1.40,0.81667,0.06960,1.54088,1,4.7000,40.6000,19.328,10.34830,1.2585
furnace L/T=0.2,AMIGO-step,gain,1.70,0.81667,0.06960,1.54088,1,3.6000,37.4000,21.339,9.79511,1.5253
furnace L/T=0.2,AMIGO-step,gain,2.00,0.81667,0.06960,1.54088,1,3.0000,35.7000,32.785,9.51489,2.0934
furnace L/T=0.2,AMIGO-step,tau,0.50,0.81667,0.06960,1.54088,1,3.3000,33.9000,13.616,7.45966,2.0197
furnace L/T=0.2,AMIGO-step,tau,0.70,0.81667,0.06960,1.54088,1,5.0000,40.9000,11.832,9.05015,1.1844
furnace L/T=0.2,AMIGO-step,tau,1.00,0.81667,0.06960,1.54088,1,7.6000,48.0000,17.692,11.99548,1.1144
furnace L/T=0.2,AMIGO-step,tau,1.40,0.81667,0.06960,1.54088,1,10.1000,79.5000,23.408,15.90584,1.1914
furnace L/T=0.2,AMIGO-step,tau,1.70,0.81667,0.06960,1.54088,1,11.6000,93.7000,26.715,18.82964,1.2677
furnace L/T=0.2,AMIGO-step,tau,2.00,0.81667,0.06960,1.54088,1,13.0000,104.2000,29.491,21.75273,1.3568
furnace L/T=0.2,AMIGO-step,delay,0.50,0.81667,0.06960,1.54088,1,10.6000,51.9000,11.844,10.21193,0.8349
furnace L/T=0.2,AMIGO-step,delay,0.70,0.81667,0.06960,1.54088,1,9.4000,50.5000,13.739,10.82284,0.9406
furnace L/T=0.2,AMIGO-step,delay,1.00,0.81667,0.06960,1.54088,1,7.6000,48.0000,17.692,11.99548,1.1144
furnace L/T=0.2,AMIGO-step,delay,1.40,0.81667,0.06960,1.54088,1,6.1000,43.5000,27.587,14.62538,1.3966
furnace L/T=0.2,AMIGO-step,delay,1.70,0.81667,0.06960,1.54088,1,5.8000,58.2000,43.615,17.58257,1.7441
furnace L/T=0.2,AMIGO-step,delay,2.00,0.81667,0.06960,1.54088,0,5.8000,75.1000,63.085,22.98761,2.4245
furnace L/T=0.2,IMC-lambda,gain,0.50,0.40741,0.01852,0.74074,1,70.9000,132.1000,0.000,35.89969,0.2924
furnace L/T=0.2,IMC-lambda,gain,0.70,0.40741,0.01852,0.74074,1,47.6000,89.5000,0.000,25.61453,0.1332
furnace L/T=0.2,IMC-lambda,gain,1.00,0.40741,0.01852,0.74074,1,30.5000,56.5000,0.047,17.94679,0.2250
furnace L/T=0.2,IMC-lambda,gain,1.40,0.40741,0.01852,0.74074,1,19.7000,35.9000,0.614,13.26640,0.3201
furnace L/T=0.2,IMC-lambda,gain,1.70,0.40741,0.01852,0.74074,1,15.2000,27.9000,1.228,11.42274,0.3636
furnace L/T=0.2,IMC-lambda,gain,2.00,0.40741,0.01852,0.74074,1,12.1000,22.7000,1.848,10.21575,0.3964
furnace L/T=0.2,IMC-lambda,tau,0.50,0.40741,0.01852,0.74074,1,38.9000,94.5000,0.000,17.90007,0.3400
furnace L/T=0.2,IMC-lambda,tau,0.70,0.40741,0.01852,0.74074,1,33.2000,82.4000,0.000,17.90018,0.2584
furnace L/T=0.2,IMC-lambda,tau,1.00,0.40741,0.01852,0.74074,1,30.5000,56.5000,0.047,17.94679,0.2250
furnace L/T=0.2,IMC-lambda,tau,1.40,0.40741,0.01852,0.74074,1,32.0000,105.3000,3.590,21.67863,0.2282
furnace L/T=0.2,IMC-lambda,tau,1.70,0.40741,0.01852,0.74074,1,33.8000,125.6000,6.583,25.26172,0.2507
furnace L/T=0.2,IMC-lambda,tau,2.00,0.40741,0.01852,0.74074,1,35.8000,138.5000,9.318,28.96221,0.3032
furnace L/T=0.2,IMC-lambda,delay,0.50,0.40741,0.01852,0.74074,1,35.2000,63.4000,0.006,17.90653,0.1528
furnace L/T=0.2,IMC-lambda,delay,0.70,0.40741,0.01852,0.74074,1,33.4000,60.7000,0.015,17.91589,0.1815
furnace L/T=0.2,IMC-lambda,delay,1.00,0.40741,0.01852,0.74074,1,30.5000,56.5000,0.047,17.94679,0.2250
furnace L/T=0.2,IMC-lambda,delay,1.40,0.40741,0.01852,0.74074,1,26.6000,50.5000,0.158,18.04616,0.2835
furnace L/T=0.2,IMC-lambda,delay,1.70,0.40741,0.01852,0.74074,1,23.4000,45.4000,0.345,18.20151,0.3279
furnace L/T=0.2,IMC-lambda,delay,2.00,0.40741,0.01852,0.74074,1,20.1000,39.8000,0.738,18.49780,0.3724
