plant,L_over_T,rule,model,kp,ki,kd,rise_s,settle_s,overshoot_pct,iae,itae,u_tv,sse
easy L/T=0.1,0.100,Ziegler-Nichols,FREQ,4.90517,25.48136,0.23606,0.2300,0.7900,19.067,0.28181,0.0622,2.3714,-0.000000
easy L/T=0.1,0.100,Tyreus-Luyben,FREQ,3.67887,4.34341,0.22482,0.4000,1.0500,0.000,0.29499,0.0833,1.6888,0.000000
easy L/T=0.1,0.100,Pessen-Integral,FREQ,5.72269,37.16031,0.33049,0.2300,1.0500,24.595,0.29037,0.0703,4.9196,-0.000000
easy L/T=0.1,0.100,Some-Overshoot,FREQ,2.69784,14.01475,0.34622,0.2300,2.3500,36.308,0.46052,0.2577,2.6184,0.000000
easy L/T=0.1,0.100,No-Overshoot,FREQ,1.63506,8.49379,0.20983,0.2500,2.8900,42.053,0.58129,0.4529,3.1439,0.000000
easy L/T=0.1,0.100,AMIGO-freq,FREQ,1.30804,7.38590,0.05036,0.2300,3.3400,48.010,0.63537,0.5296,4.0071,0.000000
easy L/T=0.1,0.100,Cohen-Coon,FOPDT,6.79167,28.75000,0.24256,0.2300,1.1600,6.154,0.26270,0.0624,6.3036,0.000000
easy L/T=0.1,0.100,AMIGO-step,FOPDT,2.35000,5.59524,0.11408,0.2600,1.4600,13.877,0.33131,0.1194,1.6420,0.000000
easy L/T=0.1,0.100,IMC-lambda,FOPDT,0.95455,0.90909,0.04545,0.9800,1.7600,0.207,0.54828,0.2556,0.6456,-0.000002
typical L/T=0.3,0.300,Ziegler-Nichols,FREQ,1.76705,3.26494,0.23909,0.2300,1.9000,32.626,0.66547,0.3727,2.5930,0.000000
typical L/T=0.3,0.300,Tyreus-Luyben,FREQ,1.32529,0.55652,0.22771,1.0500,5.7200,0.000,0.88839,1.3637,2.7068,0.000018
typical L/T=0.3,0.300,Pessen-Integral,FREQ,2.06156,4.76137,0.33473,0.2300,2.9000,32.879,0.69643,0.4627,4.0407,0.000000
typical L/T=0.3,0.300,Some-Overshoot,FREQ,0.97188,1.79572,0.35067,0.6500,5.0100,26.200,0.98663,1.2077,3.9680,0.000000
typical L/T=0.3,0.300,No-Overshoot,FREQ,0.58902,1.08831,0.21252,0.8500,5.9700,21.237,1.16681,1.5999,1.1515,-0.000000
typical L/T=0.3,0.300,AMIGO-freq,FREQ,0.47121,0.94636,0.05101,0.8100,5.3900,20.394,1.13254,1.3503,0.7812,-0.000002
typical L/T=0.3,0.300,Cohen-Coon,FOPDT,2.34722,3.56481,0.24282,0.2300,3.2300,30.913,0.65088,0.4437,5.2565,-0.000000
typical L/T=0.3,0.300,AMIGO-step,FOPDT,0.85000,1.23188,0.11697,0.5500,3.1900,15.867,0.82196,0.6764,1.1646,-0.000001
typical L/T=0.3,0.300,IMC-lambda,FOPDT,0.42593,0.37037,0.05556,2.3000,4.4300,0.000,1.34001,1.4635,0.1853,0.000001
hard L/T=1.0,1.000,Ziegler-Nichols,FREQ,1.35710,0.87638,0.52538,0.6600,7.6300,23.101,1.80109,2.6137,3.8270,-0.000000
hard L/T=1.0,1.000,Tyreus-Luyben,FREQ,1.01782,0.14938,0.50036,18.3200,39.0600,0.000,6.45828,61.8565,2.4599,0.018524
hard L/T=1.0,1.000,Pessen-Integral,FREQ,1.58328,1.27805,0.73553,0.5700,14.3700,29.379,2.22862,6.6557,7.4959,0.000070
hard L/T=1.0,1.000,Some-Overshoot,FREQ,0.74640,0.48201,0.77055,2.7700,11.3200,7.039,2.43503,5.0518,3.4363,-0.000007
hard L/T=1.0,1.000,No-Overshoot,FREQ,0.45237,0.29213,0.46700,5.4700,10.0000,0.044,3.41848,8.6615,0.8907,-0.000005
hard L/T=1.0,1.000,AMIGO-freq,FREQ,0.36189,0.25402,0.11208,6.7500,13.3900,0.000,3.92664,12.7705,0.6880,0.000005
hard L/T=1.0,1.000,Cohen-Coon,FOPDT,1.58333,0.87500,0.48718,0.5900,9.3000,27.998,2.01012,3.9290,4.7314,0.000000
hard L/T=1.0,1.000,AMIGO-step,FOPDT,0.65000,0.59583,0.25000,1.6100,7.4100,7.147,2.08731,3.1689,0.9570,0.000003
hard L/T=1.0,1.000,IMC-lambda,FOPDT,0.33333,0.22222,0.11111,8.1600,15.9200,0.000,4.48980,17.4688,0.7111,0.000049
slow L/T=0.1,0.100,Ziegler-Nichols,FREQ,9.81033,5.09627,4.72123,5.4500,11.2500,6.443,4.22199,12.0774,1.5188,0.000000
slow L/T=0.1,0.100,Tyreus-Luyben,FREQ,7.35775,0.86868,4.49641,9.9000,23.3000,0.000,5.46039,30.0451,1.0460,0.000000
slow L/T=0.1,0.100,Pessen-Integral,FREQ,11.44539,7.43206,6.60972,5.4500,10.8000,8.661,4.25291,12.4089,2.7251,0.000000
slow L/T=0.1,0.100,Some-Overshoot,FREQ,5.39568,2.80295,6.92447,5.4500,20.8000,12.220,4.81916,21.1382,1.7661,-0.000000
slow L/T=0.1,0.100,No-Overshoot,FREQ,3.27011,1.69876,4.19665,5.4500,24.1500,16.303,5.37206,31.7359,1.9740,0.000000
slow L/T=0.1,0.100,AMIGO-freq,FREQ,2.61609,1.47718,1.00720,5.4500,29.0500,16.719,5.40915,32.9644,2.3145,0.000000
slow L/T=0.1,0.100,Cohen-Coon,FOPDT,13.58333,5.75000,4.85119,5.4500,7.7500,0.955,4.09357,10.8440,2.6834,0.000000
slow L/T=0.1,0.100,AMIGO-step,FOPDT,4.70000,1.11905,2.28155,5.6500,15.7000,3.598,4.34436,14.0246,1.0743,0.000000
slow L/T=0.1,0.100,IMC-lambda,FOPDT,1.90909,0.18182,0.90909,10.0500,18.0000,0.170,5.58661,26.1844,1.0824,-0.000003
furnace L/T=0.2,0.200,Ziegler-Nichols,FREQ,1.70049,0.22851,3.16355,3.0000,36.9000,42.200,10.02157,86.3556,2.7823,-0.000000
furnace L/T=0.2,0.200,Tyreus-Luyben,FREQ,1.27536,0.03895,3.01290,12.0000,27.8000,0.000,8.45787,70.3227,2.5259,0.000003
furnace L/T=0.2,0.200,Pessen-Integral,FREQ,1.98390,0.33325,4.42897,2.9000,38.8000,41.308,10.12533,95.7666,4.2024,-0.000000
furnace L/T=0.2,0.200,Some-Overshoot,FREQ,0.93527,0.12568,4.63987,6.3000,69.4000,32.926,14.97524,291.1399,3.7554,-0.000000
furnace L/T=0.2,0.200,No-Overshoot,FREQ,0.56683,0.07617,2.81204,10.5000,84.1000,30.637,18.47646,432.9367,1.2809,0.000000
furnace L/T=0.2,0.200,AMIGO-freq,FREQ,0.45346,0.06624,0.67489,10.0000,77.6000,32.698,18.71854,414.3316,1.0164,0.000001
furnace L/T=0.2,0.200,Cohen-Coon,FOPDT,2.30556,0.25347,3.23587,2.9000,43.8000,40.168,9.20389,85.5089,5.6251,-0.000000
furnace L/T=0.2,0.200,AMIGO-step,FOPDT,0.81667,0.06960,1.54088,7.6000,48.0000,17.692,11.99548,154.6186,1.1144,-0.000000
furnace L/T=0.2,0.200,IMC-lambda,FOPDT,0.40741,0.01852,0.74074,30.5000,56.5000,0.047,17.94679,253.2027,0.2250,-0.000003
